card,card_type,ability,part,timing,attack_side,resolution,affects_self,affects_others,conditional,limit,surge_option,effect,pipelines,notes
74-Z Speeder Bike (Elite),DC,Mounted,1,start_of_activation,None,automatic,TRUE,None,None,None,FALSE,Gain 3 movement points,gain_mp,None
74-Z Speeder Bike (Elite),DC,Thrusters,1,always,None,automatic,TRUE,None,while moving,None,FALSE,"While moving, ignore impassable terrain and must enter at least 1 space you already occupy",movement,None
74-Z Speeder Bike (Elite),DC,Forward Mounted Blasters,1,attack:modifiers,attacker,prompt,TRUE,None,target space is inline (same row OR column) with both of your spaces,None,FALSE,If the target space is inline (same line — same row OR same column) with both of your spaces you may reroll 1 attack die; otherwise apply -1 Damage to the attack results,reroll;damage,same row means same line (horizontal OR vertical); reconciled to the new Speeder Bike card (alexanbv 2026-06-19) [CHANGED 2026-06-21 IACP update — does not match printed text]
[A New Hope],Upgrade,[A New Hope],1,special_action,None,prompt,TRUE,a friendly figure,a Command card restriction matching the name of another Deployment card in your army,None,FALSE,Deplete this card to have a friendly figure play a Command card with a restriction matching the name of another Deployment card in your army,cc_play,None
[Advanced Com Systems],Attachment,[Advanced Com Systems],1,always,None,automatic,TRUE,other friendly figures within 3,abilities that choose or affect adjacent or within-2 friendly figures,None,FALSE,Abilities that choose or affect adjacent friendly figures or friendly figures within 2 can choose or affect other friendly figures within 3 instead,None,None
[Balance of the Force],Upgrade,[Balance of the Force],1,during_setup,None,automatic,TRUE,None,None,None,FALSE,You may include an additional 3 points worth of Command cards in your deck,None,deckbuilding effect
[Beast Tamer],Upgrade,[Beast Tamer],1,start_of_activation,None,prompt,TRUE,a CREATURE figure,at the start of a CREATURE's activation,None,FALSE,Exhaust this card at the start of a CREATURE's activation for that figure to perform a move,move,None
[Beast Tamer],Upgrade,[Beast Tamer],2,start_of_activation,None,prompt,TRUE,a NON-SENTIENT figure,figure has the NON-SENTIENT trait,None,FALSE,Exhaust this card at the start of a figure's activation with the NON-SENTIENT trait; during this activation that figure can interact,interact,None
[Black Market],Upgrade,[Black Market],1,end_of_round,None,prompt,TRUE,a friendly SMUGGLER,a friendly SMUGGLER suffers 1 Strain,None,FALSE,"A friendly SMUGGLER may suffer 1 Strain to reveal the top Command card of your deck, then choose: spend VPs equal to cost to draw it, discard it and gain VPs equal to cost, or return it to top of deck",strain;cc_draw;cc_discard;vp,None
[Channel the Force],Upgrade,[Channel the Force],1,always,None,prompt,TRUE,a friendly FORCE USER,when you would draw 1 or more Command cards,None,FALSE,"Exhaust this card when you would draw Command cards; draw 1 fewer, search deck for a FORCE USER card and put it in hand, shuffle, then a chosen friendly FORCE USER suffers Strain equal to the revealed card's cost",cc_draw;strain,None
[Clan of Two],Attachment,[Clan of Two],1,during_setup,None,automatic,TRUE,The Child companion,at the start of the mission,None,FALSE,Place The Child companion in your space or an adjacent space,companion_place,None
[Clan of Two],Attachment,[Clan of Two],2,end_of_activation,None,automatic,TRUE,The Child figure,None,None,FALSE,Push the Child figure or its incapacitated token to your space or an adjacent space,push,None
[Clan of Two],Attachment,[Clan of Two],3,always,None,automatic,TRUE,The Child,The Child is being attacked,None,FALSE,The Child cannot suffer Damage unless it is being attacked,None,None
[Clan of Two],Attachment,[Clan of Two],4,when_defeated,None,prompt,TRUE,a UNIQUE figure,while you are defeated,None,FALSE,A UNIQUE figure may retrieve The Child or its incapacitated token to gain 1 VP,vp,None
[Combat Suit],Attachment,[Combat Suit],1,attack:modifiers,defender,automatic,TRUE,None,while defending,None,FALSE,"Reduce the Pierce value of the attack results by 1, to a minimum of 0",None,text says Piece likely meaning Pierce
[Cross Training],Attachment,[Cross Training],1,after_deployment,None,automatic,TRUE,None,None,None,FALSE,After deployment this group becomes Hidden,condition,group also gains SPY trait (trait grant not specced)
[Cross Training],Attachment,[Cross Training],2,attack:rerolls,defender,prompt,TRUE,None,a figure in this group is defending,exhaust,FALSE,Exhaust this card to reroll 1 Defense Die; before rerolling replace that die with another defense die of a different color which is considered rerolled,reroll,None
[Devious Scheme],Upgrade,[Devious Scheme],1,during_setup,None,prompt,TRUE,None,opponent does not also have Devious Scheme,None,FALSE,"After setup, choose your Deployment zone; your opponent starts with initiative and must deploy first",None,None
[Doubt],Upgrade,[Doubt],1,end_of_round,None,prompt,FALSE,a hostile figure,None,None,FALSE,Choose a hostile figure and discard 1 condition or Power Token from that figure,condition,None
[Doubt],Upgrade,[Doubt],2,attack:rerolls,attacker,prompt,FALSE,a hostile figure,while a hostile figure is attacking,None,FALSE,Deplete this card while a hostile figure is attacking to choose 1 attack die; your opponent must reroll that die,reroll,None
[Driven by Hatred],Attachment,[Driven by Hatred],1,attack:modifiers,attacker,automatic,TRUE,None,None,None,FALSE,Passive bonus: +1 Damage,damage,None
[Driven by Hatred],Attachment,[Driven by Hatred],2,attack:rerolls,attacker,prompt,TRUE,None,while attacking,None,FALSE,You lose Brutality; while attacking you may reroll 1 attack die,reroll,None
[Driven by Hatred],Attachment,[Driven by Hatred],3,end_of_round,None,prompt,TRUE,None,None,None,FALSE,"Move up to 2 spaces, then you may use Force Choke or perform an attack; when you declare this attack remove 1 die from your attack pool",move;damage,None
[Explosive Armaments],Attachment,[Explosive Armaments],1,attack:modifiers,attacker,prompt,TRUE,None,while attacking,exhaust,FALSE,Exhaust this card while attacking to apply Blast 1 to the attack results,damage,"group also gains Surge: +1 Damage Blast 1 (generic surge chart, not specced)"
[Extra Armor],Upgrade,[Extra Armor],1,after_deployment,None,prompt,TRUE,friendly figures,None,None,FALSE,After deployment distribute 4 Block Tokens among friendly figures,damage_token,None
[Feeding Frenzy],Attachment,[Feeding Frenzy],1,attack:modifiers,attacker,prompt,TRUE,the attack target,attacking a figure that has suffered damage,exhaust,FALSE,Exhaust this card while attacking a figure that has suffered damage to apply +1 Damage to the attack results,damage,None
[Feeding Frenzy],Attachment,[Feeding Frenzy],2,spend_surges,attacker,prompt,TRUE,None,while attacking an adjacent figure,None,TRUE,Surge: Recover 2 Damage,recover,named conditional surge ability (only vs adjacent figure)
[First Strike],Upgrade,[First Strike],1,during_setup,None,automatic,TRUE,None,None,None,FALSE,After setup you and your opponent both receive 4 VPs,vp,None
[Flame Trooper],Attachment,Incinerate,1,attack:after_resolves,attacker,automatic,TRUE,each figure that suffered damage since this attack was declared,None,None,FALSE,"After resolving an attack, each figure that suffered damage since this attack was declared suffers 1 Strain; then if the attack did not miss place a Rubble token in the target space",strain,None
[Flame Trooper],Attachment,Fireproof,1,always,None,automatic,TRUE,None,None,None,FALSE,You cannot suffer Strain; you are unaffected by your own Blast and abilities with Flamethrower in their name,None,None
[Focused on the Kill],Attachment,[Focused on the Kill],1,start_of_activation,None,automatic,TRUE,None,None,None,FALSE,Passive bonus: +5 Health; gain 2 movement points at the start of your activation,gain_mp,passive Health bonus also noted
[Focused on the Kill],Attachment,[Focused on the Kill],2,attack:on_declare,attacker,automatic,TRUE,None,before you declare an attack,None,FALSE,Before you declare an attack you become Focused,condition,lose Surge Recover 3 / gain Surge Pierce 1 are generic surge chart changes
[Fury of Kashyyyk],Upgrade,[Fury of Kashyyyk],1,always,None,automatic,TRUE,friendly WOOKIEES,None,None,FALSE,Friendly WOOKIEES gain Reach,None,None
[Fury of Kashyyyk],Upgrade,[Fury of Kashyyyk],2,when_suffers_damage,None,automatic,TRUE,a friendly WOOKIEE,a friendly WOOKIEE suffers 3 or more Damage,None,FALSE,When a friendly WOOKIEE suffers 3 or more Damage that figure becomes Focused,condition,None
[Fury of Kashyyyk],Upgrade,[Fury of Kashyyyk],3,attack:modifiers,attacker,automatic,TRUE,a friendly elite WOOKIEE; the defender within 2,friendly elite WOOKIEE attacking a figure within 2 and another friendly WOOKIEE within 2 of the defender,None,FALSE,Apply Pierce 1 to the attack results,damage,None
[Headhunter],Attachment,[Headhunter],1,when_suffers_strain,None,prompt,FALSE,a hostile figure,a hostile figure suffers Strain during your activation,None,FALSE,"Exhaust this card to reduce the Strain suffered by 1; then the controlling player discards 1 random Command card, or if he cannot that figure suffers 1 Damage",strain;cc_discard;damage,None
[Heavy Fire],Upgrade,[Heavy Fire],1,attack:after_resolves,attacker,prompt,FALSE,hostile figures within 2 of the target space,a friendly VEHICLE or HEAVY WEAPON resolves an attack,None,FALSE,"For each die in the figure's printed attack pool, choose 1 hostile figure within 2 of the target space; each chosen figure suffers 1 Damage; then for each chosen figure the attacker gains 1 HARMFUL condition of your opponent's choice",damage;condition,None
[Heir to the Jedi],Attachment,[Heir to the Jedi],1,attack:rerolls,attacker,prompt,TRUE,None,while attacking,None,FALSE,While attacking you may reroll 1 attack die,reroll,None
[Heir to the Jedi],Attachment,[Heir to the Jedi],2,attack:modifiers,attacker,automatic,TRUE,None,when you declare a Ranged attack,None,FALSE,When you declare a Ranged attack apply +1 Damage to the attack results,damage,None
[Heir to the Jedi],Attachment,[Heir to the Jedi],3,attack:on_declare,attacker,automatic,TRUE,None,before you declare an attack using Saber Strike,None,FALSE,Before you declare an attack using Saber Strike you become Focused,condition,None
[Heroic Effort],Upgrade,[Heroic Effort],1,when_defeated,None,prompt,TRUE,None,when one of your unique figures is defeated,None,FALSE,"When one of your unique figures is defeated, draw 1 Command card then place 1 Command card from your hand on the bottom of your deck",cc_draw,None
[Imperial Citadel],Upgrade,[Imperial Citadel],1,when_defeated,None,automatic,TRUE,a friendly Imperial figure,a friendly Imperial figure is defeated with Power Tokens on it,None,FALSE,"When a friendly Imperial figure is defeated, for each Power Token on it place a matching Power Token on this card",None,None
[Imperial Citadel],Upgrade,[Imperial Citadel],2,start_of_activation,None,prompt,TRUE,a friendly Imperial figure,None,None,FALSE,At the start of a friendly Imperial figure's activation it may gain 1 Power Token from this card,None,None
[Imperial Citadel],Upgrade,[Imperial Citadel],3,start_of_round,None,automatic,TRUE,None,None,None,FALSE,At the start of each round place 1 Damage or Block on this card,damage_token,None
[Imperial Retrofitting],Upgrade,[Imperial Retrofitting],1,start_of_activation,None,prompt,TRUE,a friendly MASSIVE VEHICLE,at the start of a friendly MASSIVE VEHICLE's activation with a matching name,None,FALSE,"Exhaust this card to choose: that figure may perform multiple attacks this activation, or that figure performs a move",move,None
[Imperial Retrofitting],Upgrade,[Imperial Retrofitting],2,attack:on_declare,attacker,prompt,TRUE,a friendly MASSIVE VEHICLE,before a friendly MASSIVE VEHICLE with a matching name declares an attack,None,FALSE,Deplete this card before a friendly MASSIVE VEHICLE with a matching name declares an attack; that figure becomes Focused,condition,None
[Indentured Jester],Attachment,[Indentured Jester],1,during_setup,None,automatic,TRUE,Salacious B. Crumb companion,at the start of the mission,None,FALSE,Place the Salacious B. Crumb companion in your space; it activates at the start or end of your activation and is not counted for control,companion_place,None
[Last Resort],Attachment,[Last Resort],1,when_suffers_damage_equal_to_health,None,prompt,FALSE,each figure and object on or adjacent to that figure,a figure in this group has suffered Damage equal to its Health,None,FALSE,"Deplete this card before that figure is defeated; roll 1 red die, each figure and object on or adjacent to it suffers Damage equal to the Damage results",damage,None
[Lie in Ambush],Attachment,[Lie in Ambush],1,before_deployment,None,automatic,TRUE,None,None,None,FALSE,"Before Deployment, set one of your groups aside out of play and attach this to it; this group does not deploy during deployment",None,None
[Lie in Ambush],Attachment,[Lie in Ambush],2,during_activation,None,prompt,TRUE,None,after an opponent activates a group with 3+ exhausted or defeated groups and not the first round,None,FALSE,Deploy this group to any deployment zone,None,None
[Mortar Trooper],Attachment,Fire Mission,1,special_action,attacker,prompt,TRUE,None,None,None,FALSE,Double Action Special: perform an attack; you may draw line of sight from any figure in this group but measure range from this figure; apply Blast 1 to the attack results,damage,None
[Mortar Trooper],Attachment,Guidance Systems,1,attack:modifiers,attacker,prompt,TRUE,None,while attacking,once per attack,FALSE,While attacking you may apply -1 Damage and +2 Accuracy to the attack results,damage,[CHANGED 2026-06-21 IACP update — does not match printed text]
[Mortar Trooper],Attachment,Haul,1,always,None,automatic,TRUE,None,while moving,None,FALSE,While moving treat blocking and impassable terrain as difficult terrain,movement,None
[Motivation],Attachment,Motivation,1,during_activation,None,prompt,TRUE,a friendly figure with lower figure cost and line of sight,line of sight to you and lower figure cost,None,FALSE,"Exhaust during your activation; chosen figure may discard a HARMFUL condition or recover 1 Damage, then gains 1 movement point",condition;recover;gain_mp,use timing
[Nemik's Manifesto],Upgrade,Nemik's Manifesto,1,always,None,automatic,TRUE,None,None,None,FALSE,Your command deck may include up to 3 additional Command cards,None,deck-building effect
[Nemik's Manifesto],Upgrade,Nemik's Manifesto,2,during_activation,None,prompt,TRUE,a friendly figure,None,None,FALSE,Exhaust during a friendly figure's activation to have that figure suffer 2 Strain and gain 1 movement point,strain;gain_mp,None
[On a Diplomatic Mission],Attachment,On a Diplomatic Mission,1,end_of_activation,None,prompt,TRUE,None,you did not perform an attack this activation,None,FALSE,Exhaust at end of your activation if you did not attack to choose one of three options,gain_mp;vp,use timing with options
[On a Diplomatic Mission],Attachment,On a Diplomatic Mission,2,end_of_activation,None,prompt,TRUE,None,you did not perform an attack this activation,None,FALSE,You gain 2 movement points,gain_mp,option 1
[On a Diplomatic Mission],Attachment,On a Diplomatic Mission,3,attack:modifiers,defender,automatic,TRUE,None,you did not perform an attack this activation,until end of round,FALSE,"Until end of round, apply +1 Evade to your defense results",None,option 2 effect timing
[On a Diplomatic Mission],Attachment,On a Diplomatic Mission,4,end_of_activation,None,prompt,TRUE,None,you did not perform an attack this activation,None,FALSE,You gain 1 VP,vp,option 3
[Orbital Bombardment],Attachment,Orbital Bombardment,1,special_action,None,prompt,TRUE,None,None,None,FALSE,"Special Action: Place Bombardment tokens on this card equal to current round number, then you may perform an attack",damage_token,special action
[Orbital Bombardment],Attachment,Orbital Bombardment,2,start_of_activation,None,prompt,TRUE,each figure on a chosen space,None,None,FALSE,Deplete at start of activation to choose spaces equal to Bombardment tokens; each figure on a chosen space suffers 2 Damage,damage,None
[Overwatch],Attachment,Overwatch,1,during_setup,None,automatic,TRUE,None,None,None,FALSE,Choose an Overwatch token to be associated with this group,None,setup
[Overwatch],Attachment,Overwatch,2,special_action,None,prompt,TRUE,None,within your line of sight,None,FALSE,Special Action: Place this group's Overwatch token in a space within your line of sight,move,special action
[Overwatch],Attachment,Overwatch,3,during_activation,None,prompt,FALSE,a hostile figure entering on or adjacent to the Overwatch token,a hostile figure enters a space on or adjacent to the Overwatch token,None,FALSE,"Exhaust to interrupt and perform an attack targeting that figure, then remove that Overwatch token",None,interrupt attack
[Prey on the Weak],Attachment,Prey on the Weak,1,attack:modifiers,attacker,automatic,TRUE,the attack target,target figure cost lower than yours,None,FALSE,"While attacking a figure with lower figure cost, apply Pierce 1 and +1 Accuracy to the attack results",None,None
[Punishing Strike],Upgrade,Punishing Strike,1,during_activation,None,prompt,TRUE,a figure with the condition,one of your figures applies a HARMFUL condition to a figure,None,FALSE,Exhaust when one of your figures applies a HARMFUL condition; discard that condition and apply a different HARMFUL condition of your choice,condition,trigger window not a standard timing
[Rebel High Command],Upgrade,Rebel High Command,1,end_of_round,None,automatic,TRUE,None,None,None,FALSE,"At the end of each game round, draw 1 additional Command card",cc_draw,None
[Rogue One],Upgrade,Rogue One,1,attack:modifiers,attacker,prompt,TRUE,a listed friendly figure attacking,a listed friendly figure is attacking,None,FALSE,"While a listed friendly figure is attacking, it may discard 1 Power Token of any type from another friendly figure to add +1 Damage to the attack results",damage_token,None
[Rogue One],Upgrade,Rogue One,2,start_of_round,None,prompt,TRUE,None,first game round,None,FALSE,"At the start of the first game round, draw 3 Command cards, then place 2 Command cards from your hand on top of your deck",cc_draw;cc_discard,first round
[Rogue Smuggler],Attachment,Rogue Smuggler,1,attack:rerolls,attacker,prompt,TRUE,None,None,None,FALSE,"While attacking, you may reroll 1 attack die",reroll,None
[Rogue Smuggler],Attachment,Rogue Smuggler,2,end_of_round,None,prompt,TRUE,None,None,None,FALSE,Exhaust at the end of the round to interrupt to perform an attack,None,interrupt attack
[Rule by Fear],Upgrade,Rule by Fear,1,start_of_round,None,prompt,TRUE,None,first game round,None,FALSE,"At the start of the first game round, draw 2 Command cards, then choose 1 card in your hand to discard",cc_draw;cc_discard,first round
[Scavenged Walker],Attachment,Scavenged Walker,1,after_deployment,None,prompt,TRUE,None,None,None,FALSE,"After deployment, you may perform a move",move,None
[Scavenged Walker],Attachment,Scavenged Walker,2,end_of_round,None,prompt,TRUE,None,None,None,FALSE,"At the end of the round, you may interrupt to perform an attack; apply -1 Damage to the attack results",None,interrupt attack
[Scavenged Weaponry],Attachment,Scavenged Weaponry,1,attack:on_declare,attacker,prompt,TRUE,None,None,exhaust,FALSE,Exhaust when you declare an attack to apply +1 Damage to the attack results,None,None
[Scavenged Weaponry],Attachment,Scavenged Weaponry,2,when_defeated,None,prompt,TRUE,a friendly DROID or VEHICLE group,last figure in this group is defeated,None,FALSE,"When the last figure in this group is defeated, you may attach this card to a friendly DROID or VEHICLE group",None,None
[Smuggler's Run],Attachment,Smuggler's Run,1,special_action,None,prompt,TRUE,None,you are in your opponent's deployment zone,None,FALSE,Special Action: Deplete this card while in your opponent's deployment zone; you gain 5 VPs,vp,special action
[Smuggling Compartment],Upgrade,Smuggling Compartment,1,when_opponent_plays_cc,None,prompt,TRUE,None,before opponent resolves a Command card or ability,None,FALSE,Exhaust to set aside any number of Command cards from your hand; return them at the start of the next activation or phase,cc_discard,None
[Smuggling Compartment],Upgrade,Smuggling Compartment,2,start_of_round,None,prompt,TRUE,None,before the start of the Status Phase,None,FALSE,"Before the Status Phase, look at top and bottom cards of your Command deck; you may move 1 to the top or bottom",None,deck manipulation
[Spectre Cell],Upgrade,Spectre Cell,1,start_of_round,None,prompt,TRUE,friendly figures,None,once per round,FALSE,"At the start of the round, distribute one Damage token and one Block token amongst friendly figures",damage_token;block_token,errata (army-wide buff removed)
[Spectre Cell],Upgrade,Spectre Cell,2,during_activation,None,prompt,FALSE,another friendly figure,None,None,FALSE,Exhaust during a friendly figure's activation to choose another friendly figure; chosen figure gains 2 movement points and may interrupt to perform an attack,gain_mp,None
[Suppressive Fire],Attachment,Suppressive Fire,1,attack:after_resolves,attacker,prompt,FALSE,"the attack target, and another SMALL friendly figure within 3",Ranged attack did not miss,exhaust,FALSE,"Exhaust after resolving a Ranged attack; if not a miss, target becomes Weakened, then another SMALL friendly figure within 3 gains 2 movement points",condition;gain_mp,None
[Survivalist],Attachment,Survivalist,1,always,None,automatic,TRUE,None,None,None,FALSE,You ignore additional movement point costs for difficult terrain and hostile figures,movement,passive
[Survivalist],Attachment,Survivalist,2,end_of_round,None,automatic,TRUE,None,you are in an exterior space,None,FALSE,"At the end of each round, if you are in an exterior space, you recover 1 Damage",recover,None
[Targeting Computer],Attachment,Targeting Computer,1,attack:rerolls,attacker,prompt,TRUE,figures in this group,None,None,FALSE,"While attacking, figures in this group may reroll 1 attack die",reroll,None
[Technician Training],Upgrade,Technician Training,1,always,None,automatic,TRUE,listed named figures in all armies,None,None,FALSE,All figures in all armies with the listed names gain the TECHNICIAN trait,None,trait grant
[Temporary Alliance],Upgrade,Temporary Alliance,1,always,None,automatic,TRUE,None,None,None,FALSE,You may include up to 2 SCUM Deployment cards in your army,None,army building
[Temporary Alliance (M)],Upgrade,Temporary Alliance (M),1,always,None,automatic,TRUE,None,None,None,FALSE,You may include up to 2 REBEL Deployment cards in your army,None,army building
[The Darksaber],Attachment,The Darksaber,1,always,None,automatic,TRUE,None,you are a FORCE USER,None,FALSE,"If you are a FORCE USER, you may use IMPERIAL Command cards",None,passive
[The Darksaber],Attachment,The Darksaber,2,attack:rerolls,attacker,prompt,TRUE,None,None,exhaust,FALSE,Exhaust while attacking to reroll 1 attack die,reroll,None
[The Darksaber],Attachment,The Darksaber,3,special_action,None,prompt,TRUE,None,None,None,FALSE,"Special Action: Perform a Melee attack with 1 red die, treating Blast X as Cleave X during this attack, then you may perform an attack",None,special action
[The General's Ranks],Attachment,The General's Ranks,1,when_you_spend_mp,None,automatic,TRUE,None,not your activation,None,FALSE,"When you perform a move, if it is not your activation, you gain 2 additional movement points",gain_mp,None
[The General's Ranks],Attachment,The General's Ranks,2,attack:modifiers,attacker,automatic,TRUE,None,not your activation,None,FALSE,"When you perform an attack, if it is not your activation, apply +1 Damage to the attack results",None,None
[Trusted Ally],Attachment,Trusted Ally,1,attack:rerolls,attacker,prompt,FALSE,another friendly figure within 3,another friendly figure within 3 spaces is attacking,exhaust,FALSE,Exhaust while another friendly figure within 3 spaces is attacking; it may reroll 1 attack die,reroll,None
[Trusted Ally],Attachment,Trusted Ally,2,during_activation,None,prompt,FALSE,an adjacent friendly figure,None,None,FALSE,Exhaust during your activation; an adjacent friendly figure recovers 1 Damage or discards 1 HARMFUL condition,recover;condition,None
[Under Duress],Upgrade,Under Duress,1,when_suffers_strain,None,automatic,FALSE,a hostile figure,a hostile figure suffers Strain,None,FALSE,"When a hostile figure suffers Strain, for each resulting Damage they wish to prevent, the controlling player must discard 2 Command cards from the top of their deck instead of 1",cc_discard,affects opponent
[Under Duress],Upgrade,Under Duress,2,when_suffers_strain,None,prompt,FALSE,a hostile figure,a hostile figure suffers Strain,None,FALSE,Deplete when a hostile figure suffers Strain to resolve any choices for that Strain instead of your opponent,strain,None
[Unshakable],Upgrade,Unshakable,1,start_of_activation,None,prompt,TRUE,one of your figures with figure cost 9 or greater,figure cost 9 or greater,None,FALSE,Exhaust at the start of one of your activations and choose 1 of your figures with figure cost 9 or greater; that figure discards 1 HARMFUL condition and suffers 1 Strain,condition;strain,None
[Vader's Finest],Attachment,Vader's Finest,1,special_action,None,prompt,TRUE,None,None,None,FALSE,"Special Action: Perform an attack, then move up to 1 space",move,special action
[Vader's Finest],Attachment,Vader's Finest,2,special_action,None,prompt,TRUE,None,you have less than 2 dice in your printed attack pool,once per group per round,FALSE,"Special Action: If you have less than 2 dice in your printed attack pool, you become Focused",condition,special action
[Wookiee Avenger],Attachment,Wookiee Avenger,1,always,None,automatic,TRUE,None,None,None,FALSE,Passive Bonus: +1 Damage,None,passive
[Wookiee Avenger],Attachment,Wookiee Avenger,2,attack:modifiers,defender,automatic,TRUE,None,None,None,FALSE,"You lose Protector; while defending, convert all Dodge results to Evade results",None,None
[Wookiee Avenger],Attachment,Wookiee Avenger,3,during_setup,None,automatic,TRUE,None,None,None,FALSE,"During setup, search your Command deck for Debts Repaid, reveal it, put it into your hand, and shuffle; then draw 1 fewer card into your initial hand",cc_draw;cc_discard,setup
[Wookiee Avenger],Attachment,Wookiee Avenger,4,during_activation,None,prompt,TRUE,None,None,once per activation,FALSE,"Once during your activation, you may use Slam without spending an action",None,None
[Z-6 Trooper],Attachment,Z-6 Trooper,1,attack:on_declare,attacker,automatic,TRUE,None,before you declare an attack,None,FALSE,"Rotary Cannon: Before you declare an attack, become Focused",condition,None
[Z-6 Trooper],Attachment,Z-6 Trooper,2,special_action,None,prompt,FALSE,the defending figure,None,None,FALSE,Special Action (Autofire): Perform an attack; the defending figure adds one white die to its defense pool,None,special action
[Zillo Technique],Upgrade,Pierce Reduction,1,attack:zillo,defender,prompt,TRUE,a friendly figure that is defending,a friendly figure is defending,exhaust,FALSE,"Exhaust this card while a friendly figure is defending to reduce the Pierce value of the attack results by 2, to a minimum of 0",None,"combat zillo special stage, not a suffer-damage trigger (alexanbv 2026-06-16)"
[Zillo Technique],Upgrade,Block Boost,1,attack:modifiers,defender,prompt,TRUE,a friendly figure that is defending,a friendly figure is defending,once per attack,FALSE,"While a friendly figure is defending, discard 1 Command card to apply +1 Block to the defense results",cc_discard,None
0-0-0,DC,Invasive Procedure,1,special_action,None,prompt,TRUE,an adjacent figure,an adjacent figure,None,FALSE,"An adjacent figure suffers 1 Damage, 1 Strain, and becomes Bleeding. You become Focused",damage;strain;condition,special action
0-0-0,DC,Unnerving,1,end_of_activation,None,automatic,FALSE,each adjacent hostile figure,None,None,FALSE,"At the end of your activation, each adjacent hostile figure becomes Weakened",condition,None
4-LOM,DC,Programming Override,1,start_of_round,None,prompt,TRUE,None,None,None,FALSE,"At the start of each round, choose one TRAIT. You gain that TRAIT until the end of the round",None,None
4-LOM,DC,Shared Intuition,1,attack:modifiers,attacker,automatic,TRUE,None,another friendly HUNTER within 3 has line of sight to the target space,None,FALSE,"While attacking, if another friendly HUNTER within 3 spaces has line of sight to the target space, apply +1 Damage to your attack results",damage,None
88-Z,Companion DC,88-Z,1,always,None,automatic,TRUE,None,None,None,FALSE,No special ability text,None,no ability text in data
Agent Blaise,DC,Adapt,1,when_opponent_plays_cc,None,prompt,TRUE,1 chosen friendly SPY or TROOPER,first time opponent plays a Command card each round,once per round,FALSE,"The first time your opponent plays a Command card each round, choose 1 SPY or TROOPER. That figure becomes Hidden",condition,None
Agent Kallus,DC,Hunt Dissent,1,when_opponent_plays_cc,None,prompt,TRUE,friendly figures within 1,opponent plays a Command card,once per round,FALSE,"When your opponent plays a Command card, you may distribute 2 Damage Tokens among friendly figures within 1 space",damage_token,None
Agent Kallus,DC,Fulcrum,1,start_of_activation,None,prompt,TRUE,None,None,None,FALSE,"At the start of your activation, you may have each player draw 1 Command card",cc_draw,None
Agent Kallus,DC,Bo-Rifle,1,attack:on_declare,attacker,prompt,TRUE,None,None,None,FALSE,"Before you declare an attack, you may treat your attack type as Melee. If you do, replace 1 blue die with 1 red die",None,None
Ahsoka Tano,DC,Force Leap,1,special_action,None,prompt,TRUE,None,empty space within 6 spaces,None,FALSE,Place your figure in an empty space within 6 spaces,move,special action
Ahsoka Tano,DC,Vigor,1,start_of_activation,None,prompt,TRUE,None,None,None,FALSE,"At the start of your activation, you may gain 2 movement points or 1 Block Token",gain_mp,None
Ahsoka Tano,DC,Twin Sabers,1,attack:rerolls,attacker,prompt,TRUE,the defender,None,None,FALSE,"While attacking, you may reroll all attack die or force the defender to reroll all defense die",reroll,None
Alliance Ranger (Elite),DC,Guerilla,1,attack:after_resolves,attacker,automatic,TRUE,None,the defender was defeated,None,FALSE,Become Hidden,condition,None
Alliance Ranger (Elite),DC,Elite Sniper,1,attack:rerolls,attacker,prompt,TRUE,None,the target space is 5 or more spaces away,None,FALSE,"While attacking, if the target space is 5 or more spaces away, you may reroll up to 2 attack dice",reroll,None
Alliance Ranger (Regular),DC,Guerilla,1,attack:after_resolves,attacker,automatic,TRUE,None,the defender was defeated,None,FALSE,Become Hidden,condition,None
Alliance Ranger (Regular),DC,Sniper,1,attack:rerolls,attacker,automatic,TRUE,None,the target space is 5 or more spaces away,None,FALSE,"While attacking, if the target space is 5 or more spaces away, you reroll 1 attack die",reroll,None
Alliance Smuggler (Elite),DC,Improved Smuggler's Instincts,1,special_action,None,prompt,TRUE,None,None,None,FALSE,"Perform an interact, then move up to 3 spaces",interact;move,special action
Alliance Smuggler (Elite),DC,Slippery,1,attack:modifiers,defender,automatic,TRUE,None,None,None,FALSE,"While defending, apply -2 Accuracy to the attack results",None,None
Alliance Smuggler (Elite),DC,Slippery,2,attack:after_resolves,defender,automatic,TRUE,None,an attack targeting you resolves,None,FALSE,"After an attack targeting you resolves, gain 2 movement points",gain_mp,None
Alliance Smuggler (Regular),DC,Smuggler's Instincts,1,special_action,None,prompt,TRUE,None,None,None,FALSE,"Perform an interact, then move up to 2 spaces",interact;move,special action
Alliance Smuggler (Regular),DC,Slippery,1,attack:modifiers,defender,automatic,TRUE,None,None,None,FALSE,"While defending, apply -2 Accuracy to the attack results",None,None
Alliance Smuggler (Regular),DC,Slippery,2,attack:after_resolves,defender,automatic,TRUE,None,an attack targeting you resolves,None,FALSE,"After an attack targeting you resolves, gain 2 movement points",gain_mp,None
AT-DP,DC,Assault,1,during_activation,None,automatic,TRUE,None,None,None,FALSE,You can perform multiple attacks during your activation,None,None
AT-DP,DC,Charge Generators,1,attack:modifiers,attacker,prompt,TRUE,None,you have suffered fewer than 9 Damage,None,FALSE,"While attacking, if you have suffered fewer than 9 Damage, apply +1 Damage to the attack results and you may reroll 1 attack die",damage;reroll,None
AT-RT,DC,Mortar Launcher,1,end_of_round,None,prompt,TRUE,each figure on or adjacent to a chosen space within 3,a space within 3 spaces contains a hostile figure,None,FALSE,"At the end of the round, you may move up to 2 spaces. Then, choose a space within 3 spaces that contains a hostile figure and roll 1 red die. Each figure on or adjacent to that space suffers Damage equal to the Damage results",move;damage,None
AT-RT,DC,Vanguard,1,attack:modifiers,attacker,prompt,TRUE,None,attacking a figure within 3 spaces,None,FALSE,"While attacking a figure within 3 spaces, you may replace one die in your attack pool with 1 red die",None,None
AT-ST,DC,Targeting Computer,1,attack:rerolls,attacker,prompt,TRUE,None,None,None,FALSE,"While attacking, you may reroll 1 attack die",reroll,None
AT-ST,DC,Awkward,1,attack:on_declare,attacker,automatic,TRUE,None,None,None,FALSE,You cannot attack adjacent figures,None,None
Bantha Rider,DC,Wild Beast,1,attack:on_declare,attacker,prompt,TRUE,None,when you would perform an attack,once per activation and once per status phase,FALSE,"When you would perform an attack, you may perform a Special Action instead. Limit once per activation and once per status phase",None,Limit once per activation AND once per status phase [CHANGED 2026-06-21 IACP update — does not match printed text]
Bantha Rider,DC,Trample,1,special_action,None,prompt,FALSE,up to 3 adjacent hostile figures,None,None,FALSE,Choose up to 3 adjacent hostile figures and roll 1 red die. Each of those figures suffers Damage equal to the Damage results,damage,special action
Bantha Rider,DC,Stampede,1,during_activation,None,automatic,FALSE,each hostile figure in your space,you end your movement in spaces that contain other figures,None,FALSE,"When you end your movement in spaces that contain other figures, each hostile figure in your space suffers 1 Damage",damage,None
Baze Malbus,DC,Into the Fray,1,start_of_activation,None,automatic,TRUE,None,hostile figures with line of sight to you,None,FALSE,"At the start of your activation, gain 1 Surge Token for each hostile figure with line of sight to you. Then, gain 1 movement point",gain_mp,None
Baze Malbus,DC,Assault,1,during_activation,None,automatic,TRUE,None,None,None,FALSE,You can perform multiple attacks each activation,None,None
Baze Malbus,DC,Hold the Line,1,end_of_activation,None,automatic,TRUE,None,hostile figures with line of sight to you,None,FALSE,"At the end of your activation, gain 1 Block Token for each hostile figure with line of sight to you",None,None
BD-1,Companion DC,Damaged Scomplink,1,always,None,automatic,TRUE,None,None,None,FALSE,You are not counted for the purpose of control,None,None
BD-1,Companion DC,Stim Canister,1,special_action,None,prompt,FALSE,an adjacent friendly figure,an adjacent friendly figure,None,FALSE,An adjacent friendly figure recovers 2 Health,recover,special action
BD-1,Companion DC,Terminal Slicing,1,special_action,None,prompt,TRUE,None,an adjacent terminal,None,FALSE,Discard an adjacent terminal to draw 1 Command card,cc_draw,double action special
Bib Fortuna,DC,Bartered Information,1,special_action,None,prompt,FALSE,another friendly SCUM figure within 2,another friendly SCUM figure within 2,None,FALSE,"Choose another friendly SCUM figure within 2 spaces. Then, you may spend 1 VP to choose another such figure. Each chosen figure becomes Focused",vp,special action
Bib Fortuna,DC,Illicit Arms,1,attack:modifiers,attacker,prompt,TRUE,a friendly figure that is attacking,your army's affiliation is SCUM,once per attack,FALSE,"While a friendly figure is attacking, if your army's affiliation is SCUM, you may discard 1 Command card from your hand to apply +1 Damage to the attack results",cc_discard;damage,None
Biv Bodhrik,DC,Multi-Fire,1,special_action,None,prompt,FALSE,the attack targets,each attack must have a different target,None,FALSE,Perform 2 attacks. Each attack must have a different target. Apply -1 Damage to each attack's results,damage,special action
Bo-Katan Kryze,DC,Beskar Armor,1,after_deployment,self,automatic,TRUE,None,after this figure is deployed,None,FALSE,"After you are deployed, gain 2 Block Tokens",grantPowerTokens Block 2,Beskar Armor keyword replaces Personal Combat Shield + Defensive Fire; granted via post-deploy.js abilityId beskar_armor [CHANGED 2026-06-21 IACP update — does not match printed text]
Bo-Katan Kryze,DC,Dual-Wield Pistols,1,attack:after_resolves,attacker,prompt,TRUE,None,after resolving a Ranged attack,once per round,FALSE,"After resolving a Ranged attack, you may perform a Ranged attack without spending an action. Before performing this bonus Ranged attack, you gain 2 Block Tokens",grantPowerTokens Block 2,2-block grant before the bonus attack wired as dual_wield_block_bokatan [CHANGED 2026-06-21 IACP update — does not match printed text]
Bo-Katan Kryze,DC,Last Wielder of the Darksaber,1,start_of_round,None,prompt,TRUE,None,The Darksaber is attached to another of your groups,None,FALSE,"You may include The Darksaber in your army and attach it to this group during army building. At the start of the round, if The Darksaber is attached to one of your other groups, you may claim it (move the attachment onto this group)",attach_move,"Inclusion/initial-attach via extendsAttachmentEligibility (last_wielder_darksaber_bokatan, ability-library.json); start-of-round claim wired as last_wielder_claim_/last_wielder_skip_ (round.js _postLastWielderClaimPrompt + interrupts.js handleLastWielderDarksaber) [CHANGED 2026-06-21 IACP update]"
Boba Fett,DC,Wrist Cord,1,during_activation,None,prompt,TRUE,a chosen SMALL figure within 3 in line of sight,a SMALL figure within 3 spaces in your line of sight,once per round,FALSE,Spend 2 movement points to choose a SMALL figure within 3 spaces in your line of sight. Push the chosen figure up to 3 spaces into a space adjacent to you,push,None
Boba Fett,DC,Wrist Flamethrower,1,during_activation,None,prompt,FALSE,each other figure on or adjacent to a chosen space within 2,a space within 2 spaces,once per round,FALSE,"Spend 2 movement points to choose a space within 2 spaces. Each other figure on or adjacent to that space suffers 1 Damage and 1 Strain, then becomes Weakened",damage;strain;condition,None
Boba Fett,DC,EE-3 Carbine,1,attack:on_declare,attacker,prompt,TRUE,None,None,once per attack,FALSE,"When you declare an attack, you may spend 2 movement points to change one of your attack die to a red die",None,None
Bodhi Rook,DC,Smooth Landing,1,after_deployment,None,automatic,TRUE,you and each adjacent friendly figure,None,None,FALSE,"After Deployment, you and each adjacent friendly figure gains 1 movement point",gain_mp,None
Bodhi Rook,DC,Air Support,1,attack:modifiers,attacker,automatic,TRUE,a friendly figure that is attacking,a friendly figure spends a Power Token while attacking,None,FALSE,"When a friendly figure spends a Power Token while attacking, apply +2 Accuracy to the attack results",None,None
Bossk,DC,Indiscriminate Fire,1,special_action,None,prompt,FALSE,each other figure within 2 of the target space other than the defender,"after this attack resolves, it did not miss",None,FALSE,"Perform an attack. After this attack resolves, if it did not miss, choose 1 non-red attack die. Each other figure within 2 spaces of the target space other than the defender suffers Damage equal to the Damage results and Strain equal to the Surge results",damage;strain,special action
Bossk,DC,Regenerate,1,end_of_round,None,automatic,TRUE,None,None,None,FALSE,"At the end of each round, recover 2 Damage and discard all Harmful conditions",recover;condition,None
BT-1,DC,Missile Salvo,1,special_action,None,prompt,FALSE,the attack targets,different targets,once per die,FALSE,"Perform up to 3 Ranged attacks with different targets using 1 blue, 1 red, or 1 yellow die. Apply +3 accuracy to each of these attacks",None,special action
BT-1,DC,Assassin,1,attack:on_declare,attacker,automatic,TRUE,None,None,None,FALSE,"Before you declare an attack, become Focused",condition,None
C-3P0,DC,Inform,1,special_action,None,prompt,FALSE,an adjacent friendly figure,an adjacent friendly figure,None,FALSE,Choose an adjacent friendly figure. That figure becomes Focused,condition,special action
C-3P0,DC,Cower,1,attack:rerolls,defender,prompt,TRUE,None,while adjacent to a friendly figure,None,FALSE,"While defending, while adjacent to a friendly figure, you may reroll 1 defense die",reroll,None
C-3P0,DC,Distracting,1,attack:modifiers,defender,automatic,FALSE,a friendly figure that is defending,you are adjacent to the targeted space,None,FALSE,"While a friendly figure is defending, and you are adjacent to the targeted space, apply +1 Evade to the defense results",None,None
C-3P0,DC,Non-Combatant,1,attack:on_declare,attacker,automatic,TRUE,None,None,None,FALSE,You cannot attack,None,None
"C1-10P ""Chopper""",DC,Ram,1,special_action,None,prompt,FALSE,an adjacent figure,an adjacent figure,None,FALSE,"Move up to 2 spaces, then choose an adjacent figure. If that figure is hostile, roll 1 green die. It suffers Damage equal to the Damage results. Then, if that figure is SMALL, push it up to 1 space",move;damage;push,special action
"C1-10P ""Chopper""",DC,System Shock,1,special_action,None,prompt,FALSE,a figure on or adjacent to any terminal,while on or adjacent to a terminal,None,FALSE,Use while on or adjacent to a terminal. Choose a figure on or adjacent to any terminal. That figure suffers 2 Damage and 1 Strain,damage;strain,special action
Cad Bane,DC,Flawless Execution,1,attack:on_declare,attacker,prompt,TRUE,None,if you are already Focused,None,FALSE,"Before you declare an attack, you become Focused. If you are already Focused, you may gain 1 Power Token and add 1 attack die of any color to your attack pool instead of 1 green die",condition,None
Cad Bane,DC,I Make the Rules Now,1,start_of_activation,None,prompt,TRUE,a friendly HUNTER within 4,"another figure's activation, friendly HUNTER within 4 spaces",once per round,FALSE,"At the start of another figure's activation, a friendly HUNTER within 4 spaces may gain 1 movement point",gain_mp,None
Cal Kestis,DC,Wall Run,1,special_action,None,prompt,TRUE,None,None,None,FALSE,"Move a number of spaces up to your speed. During this movement, you may ignore terrain in spaces that share an edge or corner with a wall",move,special action
Cal Kestis,DC,Force Slow,1,start_of_round,None,prompt,FALSE,a hostile figure within 3,a hostile figure within 3 spaces,None,FALSE,"At the start of the round, choose a hostile figure within 3 spaces. That figure's group cannot be activated during its owner's next opportunity to resolve an activation",None,None
Captain Terro,DC,Flamethrower,1,special_action,None,prompt,FALSE,each other figure on or adjacent to a chosen space within 2,a space within 2 spaces,None,FALSE,"Choose a space within 2 spaces. Each other figure on or adjacent to that space suffers 1 Damage and 1 Strain, then becomes Weakened",damage;strain;condition,special action
Captain Terro,DC,Mounted,1,start_of_activation,None,automatic,TRUE,None,None,None,FALSE,"At the start of your activation, gain 3 movement points",gain_mp,None
Captain Terro,DC,Efficient Travel,1,during_activation,None,automatic,TRUE,None,None,None,FALSE,You ignore additional movement point costs for difficult terrain and hostile figures,None,None
Captain Terro,DC,Professional,1,attack:rerolls,attacker,prompt,TRUE,None,None,None,FALSE,"While attacking, you may reroll 1 attack die",reroll,None
Cara Dune,DC,Shock and Awe,1,attack:on_declare,attacker,prompt,TRUE,None,None,once per round,FALSE,You may replace 1 Yellow die in your attack pool with 1 Red die,reroll,None
Cara Dune,DC,Smash,1,during_activation,None,prompt,TRUE,1 adjacent hostile figure,None,once per activation,FALSE,"Choose 1 adjacent hostile figure and roll 1 red die; that figure suffers Damage equal to the Damage results, then if SMALL you may push it 1 space to a space adjacent to you",damage;push,None
Cara Dune,DC,Hunker Down,1,attack:modifiers,defender,automatic,TRUE,None,"share a corner or edge with blocking, impassable, or difficult terrain",None,FALSE,Apply +1 Evade to your defense results,None,None
Cara Dune,DC,Professional,1,attack:rerolls,attacker,prompt,TRUE,None,None,None,FALSE,"While attacking, you may reroll 1 attack die",reroll,keyword ability
Cassian Andor,DC,Strike Team,1,after_deployment,None,automatic,TRUE,an adjacent friendly figure and up to 4 friendly figures outside your deployment zone,None,None,FALSE,You and an adjacent friendly figure gain 2 movement points; then up to 4 friendly figures outside of your deployment zone each gain 1 Damage Token,gain_mp;damage_token,None
Cassian Andor,DC,It Will be Alright,1,during_activation,None,prompt,FALSE,another friendly figure within 2 that can be defeated,figure within 2 can be defeated,once per activation,FALSE,"Choose another friendly figure within 2 spaces that can be defeated; that figure is defeated, then perform a move or attack without spending an action",move,None
Chewbacca,DC,Slam,1,special_action,None,prompt,TRUE,1 adjacent hostile figure,None,None,FALSE,"Choose 1 adjacent hostile figure and roll 1 red die; that figure suffers Damage equal to the Damage results, then if SMALL you may push it 1 space",damage;push,None
Chewbacca,DC,Protector,1,attack:modifiers,defender,automatic,FALSE,a friendly figure being targeted,a friendly figure is defending and you are adjacent to the targeted space,1 used per attack,FALSE,Apply +1 Block to the defense results,None,None
Chirrut Imwe,DC,Devout,1,always,None,automatic,TRUE,None,None,None,FALSE,You may use Rebel FORCE USER Command cards,None,None
Chirrut Imwe,DC,I'm One With the Force,1,start_of_activation,None,prompt,TRUE,None,a hostile figure is activating,once per round,FALSE,You may move up to 2 spaces to a space adjacent to a hostile figure,move,triggers at start of a hostile figure's activation
Chirrut Imwe,DC,The Force is With Me,1,attack:on_declare,defender,prompt,FALSE,an adjacent hostile figure,a Ranged attack targeting you is declared,None,FALSE,Choose an adjacent hostile figure; apply -1 Damage to the attack results and the chosen figure suffers 1 Damage,damage,None
Clawdite Shapeshifter (Elite),DC,Shape,1,when_deployed,None,prompt,TRUE,None,None,None,FALSE,You may gain 1 Form card of your choice from the supply,None,None
Clawdite Shapeshifter (Elite),DC,Shift,1,start_of_round,None,prompt,TRUE,None,None,None,FALSE,You may switch your Form card with 1 other Form card of your choice,None,None
Clawdite Shapeshifter (Regular),DC,Shape,1,when_deployed,None,prompt,TRUE,None,None,None,FALSE,You may gain 1 Form card of your choice from the supply,None,None
Clawdite Shapeshifter (Regular),DC,Shift,1,start_of_round,None,prompt,TRUE,None,None,None,FALSE,You may switch your Form card with 1 other Form card of your choice,None,None
CT-1701,DC,Barrage,1,special_action,None,automatic,TRUE,None,None,None,FALSE,Perform 2 attacks; the target of the second attack must be within 3 spaces of the first target space and adds 1 white die to the defense pool,None,None
CT-1701,DC,Cover Fire,1,attack:after_resolves,attacker,prompt,TRUE,a friendly figure within 3 spaces and the attack target,"after resolving an attack; for the discard, it did not miss",once per round,FALSE,Distribute 1 Block Token to a friendly figure within 3 spaces; then if it did not miss you may discard 1 condition or Power Token from the target,condition,Limit once per round (keyed per attacker figure) [CHANGED 2026-06-21 IACP update — does not match printed text]
Dark Trooper Mk III,DC,Advanced Targeting Computer,1,attack:on_declare,attacker,automatic,TRUE,None,None,None,FALSE,"You become Focused; during this attack you may reroll 1 attack die, and if the rerolled die has fewer Damage symbols than before apply +1 Damage to the attack results",reroll;damage;condition,None
Dark Trooper Mk III,DC,Durasteel Fist,1,during_activation,None,prompt,TRUE,1 adjacent figure or object,None,once per activation,FALSE,"Choose 1 adjacent figure or object and roll 1 green die; it suffers Damage equal to the Damage results, then if you rolled a Surge and the target was SMALL you may push that figure up to 1 space",damage;push,None
Dark Trooper Mk III,DC,Lift Off,1,special_action,None,automatic,TRUE,None,None,None,FALSE,Move up to 4 spaces; during this movement you gain Mobile,move,None
Darth Vader,DC,Brutality,1,special_action,None,automatic,TRUE,None,None,None,FALSE,Perform 2 attacks; each attack must have a different target,None,None
Darth Vader,DC,Force Choke,1,special_action,None,prompt,FALSE,a hostile figure in your line of sight,None,None,FALSE,Choose a hostile figure in your line of sight; that figure suffers 2 Damage and 1 Strain,damage;strain,None
Darth Vader,DC,Foresight,1,attack:rerolls,defender,prompt,TRUE,None,None,None,FALSE,"While defending, you may reroll 1 defense die",reroll,None
Davith Elso,DC,Stealthy,1,during_setup,None,automatic,TRUE,None,None,None,FALSE,"At the start of the mission, become Hidden",condition,None
Davith Elso,DC,Cut and Run,1,during_activation,None,automatic,FALSE,a hostile figure whose space you exit,you exit a space containing a hostile figure,once per figure per round,FALSE,"When you exit a space containing a hostile figure, that figure suffers 1 Damage",damage,None
Death Trooper (Elite),DC,Squad Captain,1,during_activation,None,prompt,FALSE,an adjacent friendly TROOPER or LEADER,None,once per activation,FALSE,An adjacent friendly TROOPER or LEADER may gain 1 Power Token,None,None
Death Trooper (Elite),DC,Field Tactics,1,after_activation_resolves,None,prompt,TRUE,a friendly TROOPER or LEADER group with cost 6 or less,group cost 6 or less,None,FALSE,You may immediately activate a friendly TROOPER or LEADER group with cost 6 or less; that group loses Field Tactics this round,None,None
Death Trooper (Regular),DC,Security Detail,1,after_deployment,None,automatic,TRUE,a friendly LEADER,None,None,FALSE,A friendly LEADER gains 1 Block Token,None,None
Death Trooper (Regular),DC,Field Tactics,1,after_activation_resolves,None,prompt,TRUE,a friendly TROOPER or LEADER group with cost 6 or less,group cost 6 or less,None,FALSE,You may immediately activate a friendly TROOPER or LEADER group with cost 6 or less; that group loses Field Tactics this round,None,None
Del Meeko,DC,Expertise,1,during_activation,None,prompt,TRUE,None,after you perform a Special Action,once per activation,FALSE,You may perform an additional action,None,None
Del Meeko,DC,Gifted Mechanic,1,special_action,None,prompt,TRUE,an adjacent friendly DROID or VEHICLE,None,None,FALSE,Choose an adjacent friendly DROID or VEHICLE; you and that figure each recover 1 Damage and gain 1 Damage Token,recover;damage_token,None
Del Meeko,DC,Open-Minded,1,spend_surges,attacker,prompt,TRUE,None,None,None,TRUE,"Spend 1 surge: after this attack resolves, gain 1 movement point or Power Token",gain_mp,surge ability
Dengar,DC,Spread the Pain,1,spend_surges,attacker,prompt,FALSE,a figure on or adjacent to the target space,HARMFUL condition not already chosen this attack; the attack did not miss,None,TRUE,"Choose a HARMFUL condition not already chosen this attack; after the attack resolves, if it did not miss, a figure on or adjacent to the target space may gain the chosen condition",condition,surge ability; usable multiple times per attack
Dewback Rider,DC,Shock Lance,1,special_action,None,prompt,TRUE,a figure within 2 spaces,None,None,FALSE,"Choose a figure within 2 spaces and roll 1 green die; that figure suffers Damage equal to the Damage results, then if you rolled 1 or more Surge results it becomes Weakened",damage;condition,None
Dewback Rider,DC,Mounted,1,start_of_activation,None,automatic,TRUE,None,None,None,FALSE,You gain 3 movement points,gain_mp,None
Diala Passil,DC,Battle Meditation,1,attack:on_declare,attacker,automatic,TRUE,None,None,None,FALSE,"Before you declare an attack, become Focused",condition,None
Diala Passil,DC,Defensive Stance,1,attack:rerolls,defender,prompt,TRUE,None,None,None,FALSE,"While defending, you may reroll 1 defense die; if you do, convert each Dodge result to 2 Block and 1 Evade",reroll,None
Diala Passil,DC,Force Throw,1,during_activation,None,prompt,FALSE,another small figure within 3 spaces,None,once per activation,FALSE,Suffer 1 Strain to choose another small figure within 3 spaces and push that figure up to 2 spaces,strain;push,None
Dio,Companion DC,Attached,1,always,None,automatic,TRUE,None,a friendly Iden Versio exits your space,None,FALSE,"When a friendly Iden Versio exits your space, interrupt to move up to 1 space",move,None
Dio,Companion DC,Insignificant,1,always,None,automatic,TRUE,None,you are in the same space as a friendly figure,None,FALSE,You cannot be the target of an attack while in the same space as a friendly figure,None,None
Director Krennic,DC,Advanced Weapons Research,1,start_of_activation,None,prompt,TRUE,a friendly figure within 2 spaces,None,None,FALSE,A friendly figure within 2 spaces may gain 1 Damage Token or 1 Surge Token,damage_token,None
Director Krennic,DC,Unhinged Director,1,attack:on_declare,attacker,prompt,TRUE,a friendly TROOPER or GUARDIAN within 2 spaces,a friendly TROOPER or GUARDIAN within 2 spends a Damage or Surge Token while declaring an attack,None,FALSE,That figure may suffer 1 Strain to apply +2 of the chosen symbol to the results instead of +1,strain,None
Doctor Aphra,DC,Dubious Counterparts,1,always,None,automatic,TRUE,a friendly DROID,a friendly DROID resolves Invasive Procedure or Missile Salvo,None,FALSE,"If your army's affiliation is Scum you may include 0-0-0 and BT-1 together; after a friendly DROID resolves Invasive Procedure or Missile Salvo, that figure may perform 1 additional action",None,None
Doctor Aphra,DC,Excavation,1,start_of_round,None,prompt,TRUE,None,a Command card costing 1 or less in any discard pile except Take Initiative,once per round,FALSE,Choose 1 Command card in any discard pile costing 1 or less except Take Initiative; once this round your player may play that card from the discard pile then return it to the game box,cc_play,None
Dr. Royce Hemlock,DC,Neurotoxin,1,special_action,None,prompt,FALSE,all hostile figures on or adjacent to the chosen space within 3 spaces,None,None,FALSE,Choose a space within 3 spaces and roll 1 yellow die; all hostile figures on or adjacent to that space become Weakened and suffer Damage equal to the Damage results,damage;condition,None
Dr. Royce Hemlock,DC,Neurostim,1,special_action,None,prompt,FALSE,an adjacent friendly figure,None,None,FALSE,"Choose an adjacent friendly figure and roll 1 yellow die; that figure gains damage and/or surge tokens based on the die roll (1 Damage Token if you rolled Damage, 1 Surge Token if you rolled a Surge)",None,None
Drokkatta,DC,Demolish,1,during_activation,None,prompt,TRUE,each figure on or adjacent to the chosen space within 3 spaces and line of sight,None,once per activation,FALSE,"Choose a space within 3 spaces and line of sight; each figure on or adjacent to that space suffers 1 Damage, then place a rubble token in that space and you suffer 1 Strain",damage;strain,None
E-Web Engineer (Elite),DC,Forward Emplacement,1,after_deployment,None,automatic,TRUE,None,None,None,FALSE,You gain movement points equal to your speed,gain_mp,None
E-Web Engineer (Elite),DC,Tripod,1,during_activation,None,automatic,TRUE,None,None,None,FALSE,"You cannot voluntarily exit your space if you attack, and you cannot attack if you exit your space",None,None
E-Web Engineer (Elite),DC,Assault,1,during_activation,None,automatic,TRUE,None,None,None,FALSE,You can perform multiple attacks during your activation,None,None
E-Web Engineer (Regular),DC,Tripod,1,during_activation,None,automatic,TRUE,None,None,None,FALSE,"You cannot voluntarily exit your space if you attack, and you cannot attack if you exit your space",None,None
E-Web Engineer (Regular),DC,Assault,1,during_activation,None,automatic,TRUE,None,None,None,FALSE,You can perform multiple attacks each activation,None,None
Echo Base Trooper (Elite),DC,Front Line,1,attack:modifiers,attacker,prompt,TRUE,None,the target is within 3 spaces of you,None,FALSE,You may replace 1 blue die in your attack pool with 1 red die; +2 Accuracy,reroll,None
Echo Base Trooper (Elite),DC,Cortosis Weave,1,attack:modifiers,defender,prompt,TRUE,None,None,None,FALSE,"While defending, you may reduce the Pierce value of the attack results by 2, to a minimum of 0",None,None
Echo Base Trooper (Regular),DC,Front Line,1,attack:modifiers,attacker,prompt,TRUE,None,the target is within 3 spaces of you,None,FALSE,You may replace 1 blue die in your attack pool with 1 red die,reroll,None
Echo Base Trooper (Regular),DC,Efficient Travel,1,always,None,automatic,TRUE,None,None,None,FALSE,You ignore additional movement point costs for difficult terrain and hostile figures,movement,None
Emperor Palpatine,DC,Emperor,1,during_activation,None,prompt,FALSE,another figure within 4 spaces,None,once per activation,FALSE,Choose another figure within 4 spaces; that figure interrupts to perform an attack,None,None
Emperor Palpatine,DC,Tempt,1,start_of_activation,None,prompt,TRUE,a figure of your choice,None,None,FALSE,A figure of your choice suffers 1 Damage and gains 1 Damage Token,damage;damage_token,None
Emperor Palpatine,DC,Force Lightning,1,special_action,None,prompt,FALSE,a figure within 4 spaces and line of sight and each figure adjacent to it,None,None,FALSE,"Choose a figure within 4 spaces and line of sight; that figure suffers 3 Damage and becomes Weakened, and each figure adjacent to it suffers 1 Damage",damage;condition,None
Ewok Warrior (Elite),DC,Ambush,1,when_deployed,None,automatic,TRUE,None,None,None,FALSE,You become Hidden,condition,None
Ewok Warrior (Elite),DC,Forest Fighters,1,attack:modifiers,attacker,automatic,TRUE,None,performing a Melee attack while you are Hidden,None,FALSE,Apply +1 Damage to the attack results,damage,None
Ewok Warrior (Elite),DC,Sling Barrage,1,special_action,None,prompt,TRUE,None,None,None,FALSE,Perform a Ranged attack using your printed attack pool; during this attack you may reroll up to 1 attack die for each other figure in your group with line of sight to the defender,reroll,None
Ezra Bridger,DC,Brash,1,start_of_round,None,automatic,TRUE,None,None,None,FALSE,Move up to 4 spaces,move,None
Ezra Bridger,DC,Much to Learn,1,attack:rerolls,attacker,prompt,TRUE,None,another friendly unique figure within 3 spaces,None,FALSE,You may reroll 1 attack die; if that figure is a FORCE USER you may turn that attack die to any side instead,reroll,None
Fenn Signis,DC,Havoc Shot,1,attack:after_resolves,attacker,prompt,TRUE,up to 2 figures within 2 spaces of the target space in your line of sight,the attack did not miss,None,FALSE,Suffer 1 Strain to choose up to 2 figures within 2 spaces of the target space in your line of sight; those figures suffer 1 Damage,strain;damage,None
Fenn Signis,DC,Tactical Movement,1,start_of_activation,None,prompt,TRUE,a friendly figure within 3 spaces,None,None,FALSE,Choose a friendly figure within 3 spaces; that figure gains 2 movement points,gain_mp,None
Fennec Shand,DC,Bounty,1,when_defeated,None,automatic,TRUE,None,None,None,FALSE,Your opponent gains 2 VPs,vp,None
Fennec Shand,DC,Sharpshooter,1,attack:on_declare,attacker,automatic,TRUE,None,the target is 5 or more spaces away,None,FALSE,You become Focused,condition,None
Fifth Brother,DC,Vigor,1,start_of_activation,None,prompt,TRUE,None,None,None,FALSE,You may gain 2 movement points or 1 Block Token,gain_mp,None
Fifth Brother,DC,Relentless Pursuit,1,attack:on_declare,attacker,automatic,FALSE,the attack target,None,None,FALSE,The target suffers 1 Strain,strain,None
Fifth Brother,DC,Sith Acolyte,1,special_action,None,prompt,TRUE,None,None,None,FALSE,"Search your Command deck for a card with the FORCE USER or BRAWLER trait that costs 2 or less, reveal it, put it into your hand, then shuffle your Command deck",cc_draw,None
Gaarkhan,DC,Brutal Cleave,1,attack:after_resolves,attacker,prompt,TRUE,a different figure or object,None,once per activation,FALSE,"After you resolve an attack during your activation, you may suffer 1 Strain to perform an attack using 1 red and 1 yellow die targeting a different figure or object",strain;damage,None
Gaarkhan,DC,Charge,1,special_action,None,prompt,TRUE,None,None,None,FALSE,"Move a number of spaces up to your Speed, then you may perform an attack",move;damage,None
Gamorrean Guard (Elite),DC,Gamorrean Honor Guard,1,attack:modifiers,defender,automatic,TRUE,None,defending during a Ranged attack,None,FALSE,Apply +1 Block to the defense results,None,None
Gamorrean Guard (Elite),DC,Professional,1,attack:rerolls,attacker,prompt,TRUE,None,None,None,FALSE,"While attacking, you may reroll 1 attack die",reroll,None
Gar Saxon,DC,Airborne Commander,1,always,None,automatic,FALSE,friendly Mobile figures within 4,None,None,FALSE,Friendly Mobile figures within 4 spaces can use your surge abilities,None,None
Gar Saxon,DC,Personal Combat Shield,1,attack:modifiers,defender,automatic,TRUE,None,whenever you spend a Block while defending,None,FALSE,Apply +1 Evade to the defense results,None,None
Gar Saxon,DC,Gar Saxon's Flamethrower,1,special_action,None,prompt,FALSE,each other figure on or adjacent to a chosen space within 2,None,None,FALSE,Choose a space within 2 spaces. Each other figure on or adjacent to that space suffers 1 Damage and 1 Strain and discards 1 Power Token,damage;strain,None
General Sorin,DC,Bombardment,1,special_action,None,prompt,FALSE,an adjacent friendly figure,None,None,FALSE,Choose an adjacent friendly figure. That figure may interrupt to perform an attack. The attack gains Blast 1,damage,None
General Sorin,DC,Advanced Firepower,1,always,None,automatic,FALSE,adjacent friendly DROIDS and VEHICLES,None,None,FALSE,Adjacent friendly DROIDS and VEHICLES can use your surge abilities,None,None
General Weiss,DC,General's Orders,1,start_of_activation,None,prompt,FALSE,up to 2 other friendly figures on the map,None,None,FALSE,Choose up to 2 other friendly figures on the map. Those figures may each interrupt to perform a move,move,None
General Weiss,DC,Epic Arsenal,1,always,None,automatic,TRUE,None,None,None,FALSE,Your attack pool consists of any combination of 3 attack dice. You cannot roll more than 2 dice of a single color,None,None
Gideon Argus,DC,Tactical Maneuver,1,special_action,None,prompt,FALSE,another friendly figure in your line of sight,None,None,FALSE,Choose another friendly figure in your line of sight. That figure gains 2 movement points,gain_mp,None
Gideon Argus,DC,On My Mark,1,special_action,None,prompt,FALSE,another friendly figure in your line of sight,None,None,FALSE,Choose another friendly figure in your line of sight. That figure becomes Focused,condition,None
Greedo,DC,Slow on the Draw,1,attack:on_declare,attacker,prompt,TRUE,the defender,None,None,FALSE,"When you declare an attack, the defender may interrupt to perform an attack targeting you",damage,None
Greedo,DC,Parting Shot,1,when_suffers_damage_equal_to_health,None,prompt,TRUE,None,before you are defeated,None,FALSE,"You may interrupt to perform an attack, then you are defeated",damage,None
Han Solo,DC,Return Fire,1,attack:after_resolves,defender,prompt,TRUE,that attacker,you did not suffer any Damage,once per round,FALSE,"After an attack targeting you is resolved, if you did not suffer any Damage, you may interrupt to perform an attack targeting that attacker",damage,None
Han Solo,DC,Distracting,1,attack:modifiers,defender,automatic,FALSE,a friendly figure being targeted,you are adjacent to the targeted space,None,FALSE,"While a friendly figure is defending, and you are adjacent to the targeted space, apply +1 Evade to the defense results",None,None
Han Solo,DC,Cunning,1,attack:modifiers,defender,automatic,TRUE,None,for each Evade result,None,FALSE,"While defending, apply +1 Block to the defense results for each Evade result",None,None
Heavy Stormtrooper (Elite),DC,Modular,1,during_setup,None,prompt,TRUE,None,None,None,FALSE,"You may include an attachment card in your army and decrease its cost by 1 to a minimum of 0. During setup, you must attach that card to this group",None,trait/inclusion-adjacent but includes a setup attach action
Heavy Stormtrooper (Elite),DC,Spray Fire,1,attack:modifiers,attacker,prompt,TRUE,None,None,None,FALSE,"While attacking, you may apply -3 Accuracy and +1 Surge to the attack results",None,None
Heavy Stormtrooper (Regular),DC,Composite Plating,1,attack:modifiers,defender,automatic,TRUE,None,the attacker is 4 or more spaces away,None,FALSE,"While defending, if the attacker is 4 or more spaces away, apply +1 Block to the defense results",None,None
Hera Syndulla,DC,Call the Shots,1,attack:modifiers,attacker,prompt,FALSE,another friendly figure within 3,another friendly figure within 3 spaces is attacking,once per round,FALSE,"While another friendly figure within 3 spaces is attacking, you may apply +2 Accuracy, +1 Damage, or +1 Surge to the attack results",None,None
Hera Syndulla,DC,Smooth Landing,1,after_deployment,None,automatic,TRUE,you and each adjacent friendly figure,None,None,FALSE,"After Deployment, you and each adjacent friendly figure gains 1 movement point",gain_mp,None
Hired Gun (Elite),DC,Self-Preservation,1,when_suffers_damage,None,automatic,TRUE,None,None,None,FALSE,"When you suffer Damage, you become Focused",condition,None
Hired Gun (Elite),DC,Parting Shot,1,when_suffers_damage_equal_to_health,None,prompt,TRUE,None,before you are defeated,None,FALSE,"You may interrupt to perform an attack, then you are defeated",damage,None
Hired Gun (Regular),DC,Parting Shot,1,when_suffers_damage_equal_to_health,None,prompt,TRUE,None,before you are defeated,None,FALSE,"You may interrupt to perform an attack, then you are defeated",damage,None
Hired Gun (Regular),DC,Disposable,1,attack:modifiers,defender,automatic,TRUE,None,None,None,FALSE,"While defending, apply -1 Evade to your defense results",None,None
HK Assassin Droid (Elite),DC,Targeting Computer,1,attack:rerolls,attacker,prompt,TRUE,None,None,None,FALSE,"While attacking, you may reroll 1 attack die",reroll,None
HK Assassin Droid (Elite),DC,Versatile Weaponry,1,attack:rerolls,attacker,prompt,FALSE,the defender,None,None,FALSE,"While attacking, you may force the defender to reroll 1 defense die",reroll,None
HK Assassin Droid (Elite),DC,Merciless,1,attack:on_declare,attacker,automatic,FALSE,the defender,the defender has any HARMFUL conditions,None,FALSE,"When you declare an attack, if the defender has any HARMFUL conditions, it suffers 1 Damage",damage,None
HK-47,DC,Query,1,attack:on_declare,attacker,prompt,FALSE,the defender,None,None,FALSE,"When you declare an attack, apply +1 Damage to the attack results unless the defender becomes Bleeding",condition,None
HK-47,DC,Conclusion,1,attack:modifiers,attacker,automatic,FALSE,the defender,None,None,FALSE,"While attacking, apply -1 Evade to the defense results",None,None
HK-47,DC,Mockery,1,during_activation,None,prompt,FALSE,a hostile figure in your line of sight,None,once per activation,FALSE,"Once during your activation, you may choose a hostile figure in your line of sight. That figure suffers 1 Strain",strain,None
Hondo Ohnaka,DC,Negotiate,1,attack:on_declare,attacker,prompt,FALSE,the defender,None,None,FALSE,"When you declare an attack, apply +2 Damage to the attack results unless the defender pays you 2 VPs",vp,None
Hondo Ohnaka,DC,What's Yours is Mine,1,end_of_round,None,automatic,TRUE,an opponent,you are in an opponent's deployment zone,once per mission,FALSE,"At the end of a round, if you are in an opponent's deployment zone, that opponent loses 2 VPs and you gain 2 VPs",vp,None
Iden Versio,DC,Droid Kit,1,during_activation,None,prompt,TRUE,None,a friendly Dio is in your space,once per activation,FALSE,"Once during your activation, if a friendly Dio is in your space, you may gain 1 Power Token",None,None
Iden Versio,DC,Pulse Cannon,1,attack:modifiers,attacker,automatic,TRUE,None,you spent a Power Token during this attack,None,FALSE,"While attacking, if you spent a Power Token during this attack, apply an additional +4 Accuracy and +1 Damage to the attack results",None,None
Iden Versio,DC,ID10 Seeker Droid,1,during_setup,None,automatic,TRUE,the Dio companion,None,None,FALSE,"At the start of the game, put the Dio companion into play in your space. It activates at the start or end of your activation, and is not counted for the purposes of control",companion_place,None
IG-11,DC,Rapid Fire,1,special_action,None,prompt,TRUE,None,None,None,FALSE,Perform 2 attacks,damage,None
IG-11,DC,Targeting Computer,1,attack:rerolls,attacker,prompt,TRUE,None,None,None,FALSE,"While attacking, you may reroll 1 attack die",reroll,None
IG-11,DC,Self-Destruct Protocol,1,when_suffers_damage_equal_to_health,None,prompt,TRUE,each figure or object adjacent to you,before you are defeated,None,FALSE,"You may move up to 3 spaces and roll 1 red die. Each figure or object adjacent to you suffers Damage equal to the Damage results, then you are defeated",move;damage,None
IG-88,DC,Arsenal,1,always,None,automatic,TRUE,None,None,None,FALSE,Your attack pool consists of any combination of 2 attack dice,None,None
IG-88,DC,Relentless,1,attack:on_declare,attacker,automatic,TRUE,a figure within 3,the target is within 3 spaces,None,FALSE,"When you declare an attack targeting a figure within 3 spaces, that figure suffers 1 Strain",strain,None
IG-88,DC,Assault,1,always,None,automatic,TRUE,None,None,None,FALSE,You can perform multiple attacks each activation,None,None
Imperial Officer (Elite),DC,Executive Order,1,special_action,None,prompt,FALSE,another friendly Imperial figure within 2,None,None,FALSE,Choose another friendly Imperial figure within 2 spaces. That figure may interrupt to perform a move or attack,move;damage,None
Imperial Officer (Regular),DC,Order,1,special_action,None,prompt,FALSE,another friendly figure within 2,None,None,FALSE,"Choose another friendly figure within 2 spaces. During a campaign, that figure may interrupt to perform a move. During a skirmish, that figure gains 2 movement points",move;gain_mp,None
Imperial Officer (Regular),DC,Cower,1,attack:rerolls,defender,prompt,TRUE,None,while adjacent to a friendly figure,None,FALSE,"While defending, while adjacent to a friendly figure, you may reroll 1 defense die",reroll,None
ISB Infiltrator (Elite),DC,In The Shadows,1,when_deployed,None,automatic,TRUE,None,None,None,FALSE,When you are deployed you become Hidden,condition,None
ISB Infiltrator (Elite),DC,In The Shadows,2,end_of_activation,None,automatic,TRUE,None,None,None,FALSE,At the end of your activation you become Hidden,condition,None
ISB Infiltrator (Elite),DC,Comms Jammer,1,during_activation,None,automatic,FALSE,your opponent,None,None,FALSE,Your opponent cannot play Command cards during your activation,None,None
ISB Infiltrator (Elite),DC,Coordinated Raid,1,special_action,None,prompt,FALSE,another friendly IMPERIAL figure with cost 4 or less within 4,figure cost 4 or less within 4 spaces,once per group per round,FALSE,Another friendly IMPERIAL figure with figure cost of 4 or less within 4 spaces may interrupt to perform an attack,damage,None
ISB Infiltrator (Regular),DC,Coordinated Raid,1,special_action,None,prompt,FALSE,another figure in your group,targeting a hostile figure in your line of sight,once per group per round,FALSE,Another figure in your group may interrupt to perform an attack targeting a hostile figure in your line of sight,damage,None
J4X-7,Companion DC,Supporting Fire,1,attack:modifiers,attacker,automatic,FALSE,another friendly figure attacking a figure adjacent to you,another friendly figure is attacking a figure adjacent to you,once per activation,FALSE,"While another friendly figure is attacking a figure adjacent to you, apply Pierce 1 to the attack results",None,None
Jabba the Hutt,DC,Bully,1,special_action,None,prompt,TRUE,a figure of your choice within 3,None,None,FALSE,A figure of your choice within 3 spaces suffers 3 Damage,damage,None
Jabba the Hutt,DC,Incentivize,1,special_action,None,prompt,TRUE,a SCUM figure of your choice,None,None,FALSE,An elite figure of your choice becomes Focused,condition,None
Jabba the Hutt,DC,Scheme,1,special_action,None,prompt,TRUE,None,None,None,FALSE,Draw 1 Command card,cc_draw,None
Jabba the Hutt,DC,Order Hit,1,special_action,None,prompt,TRUE,a MERC figure of your choice,None,None,FALSE,"Spend 2 VPs. An elite figure of your choice may interrupt to perform an attack, then it gains 2 movement points",vp;damage;gain_mp,Double Action Special
Jabba the Hutt,DC,Nefarious Gains,1,always,None,automatic,TRUE,None,a hostile figure is defeated,None,FALSE,"When a hostile figure is defeated, gain 1 VP",vp,triggered when hostile figure defeated
Jarrod Kelvin,DC,Leaping Slash,1,special_action,None,prompt,TRUE,None,None,None,FALSE,"Move up to 2 spaces, then perform an attack",move;damage,None
Jarrod Kelvin,DC,Droid Master,1,during_setup,None,automatic,TRUE,J4X-7,None,None,FALSE,"At the start of a mission, put J4X-7 into play in an adjacent space. J4X-7 activates at the start or end of your activation. J4X-7 is not counted for the purposes of control",companion_place,None
Jawa Scavenger (Elite),DC,Take Cover,1,attack:modifiers,defender,prompt,TRUE,None,None,None,FALSE,"While defending, you may apply +1 Block and -1 Evade to the defense results",None,None
Jawa Scavenger (Regular),DC,Take Cover,1,attack:modifiers,defender,prompt,TRUE,None,None,None,FALSE,"While defending, you may apply +1 Block and -1 Evade to the defense results",None,None
Jet Trooper (Elite),DC,Agile,1,attack:modifiers,defender,prompt,TRUE,None,None,None,FALSE,"While defending, you may convert 1 Block to 1 Evade",None,None
Jet Trooper (Elite),DC,Fly-By,1,attack:on_declare,attacker,automatic,TRUE,None,the target space is within 2 spaces,None,FALSE,"When you declare an attack, if the target space is within 2 spaces, add 1 blue die to your attack pool",None,None
Jet Trooper (Elite),DC,Fly-By,2,attack:after_resolves,attacker,automatic,TRUE,None,None,None,FALSE,"After the attack resolves, gain 2 movement points",gain_mp,None
Jet Trooper (Regular),DC,Agile,1,attack:modifiers,defender,prompt,TRUE,None,None,None,FALSE,"While defending, you may convert 1 Block to 1 Evade",None,None
Jet Trooper (Regular),DC,Jets,1,attack:after_resolves,attacker,prompt,TRUE,None,the target space is within 2 spaces,None,FALSE,"After you resolve an attack, gain 1 movement point",gain_mp,None
Junk Droid,Companion DC,Junk Droid,1,always,None,automatic,TRUE,None,None,None,FALSE,No special ability text,None,no ability text in data
Jyn Erso,DC,Trust Goes Both Ways,1,start_of_activation,None,prompt,TRUE,an adjacent friendly figure,an adjacent friendly figure exists,once per round,FALSE,"At the start or end of your activation, choose an adjacent friendly figure; you and that figure Recover 1 Damage and gain 1 Surge Token",recover,also triggers at end_of_activation
Jyn Erso,DC,Trust Goes Both Ways,2,end_of_activation,None,prompt,TRUE,an adjacent friendly figure,an adjacent friendly figure exists,once per round,FALSE,"At the start or end of your activation, choose an adjacent friendly figure; you and that figure Recover 1 Damage and gain 1 Surge Token",recover,also triggers at start_of_activation
Jyn Erso,DC,Tonfa Strike,1,special_action,None,prompt,TRUE,None,None,None,FALSE,"Move up to 2 spaces, then you may perform a Melee attack using 1 red and 1 green die, then you may perform an attack",movement,None
Jyn Odan,DC,Hair Trigger,1,start_of_activation,None,prompt,FALSE,a hostile figure (the one activating),at the start of a hostile figure's activation,once per round,FALSE,Interrupt to perform an attack that targets the activating hostile figure,None,triggers on hostile figure's activation
Jyn Odan,DC,Sidewinder,1,attack:after_resolves,attacker,prompt,TRUE,None,None,once per round,FALSE,"After you resolve an attack, suffer 1 Strain to move up to 2 spaces",strain;movement,None
Jyn Odan,DC,Cunning,1,attack:modifiers,defender,automatic,TRUE,None,None,None,FALSE,"While defending, apply +1 Block to the defense results for each Evade result",None,None
K-2S0,DC,Vague and Unconvincing,1,attack:modifiers,defender,automatic,TRUE,None,None,None,FALSE,"While defending, your player and your opponent cannot spend power tokens or play Command cards",None,None
K-2S0,DC,Cassian Said I Had To,1,during_activation,None,prompt,TRUE,None,a friendly LEADER enters an adjacent space,once per round,FALSE,"When a friendly LEADER enters an adjacent space, gain up to 1 Damage Token",damage_token,trigger window is friendly LEADER entering adjacent space
K-2S0,DC,Continually Unexpected,1,special_action,None,prompt,TRUE,None,you have any combination of 2 Damage Tokens or 2 Surge Tokens,None,FALSE,Perform a Ranged attack using your attack pool,None,None
Kanan Jarrus,DC,Force Vision,1,start_of_activation,None,automatic,FALSE,an opponent ready group,None,None,FALSE,"At the start of your activation, your opponent chooses one of their ready groups and must activate it next if possible",None,None
Kanan Jarrus,DC,Soresu Form,1,attack:rerolls,defender,prompt,TRUE,a friendly figure within 3 spaces,a friendly figure within 3 spaces is defending,None,FALSE,"A friendly figure within 3 may reroll 1 die; if so, convert each Dodge to 2 Block and 1 Evade and, if that figure is not FORCE USER, you suffer 1 Strain",reroll;strain,None
Kayn Somos,DC,Firing Squad,1,special_action,None,prompt,FALSE,up to 2 adjacent friendly TROOPERS,None,None,FALSE,Choose up to 2 adjacent friendly TROOPERS; each may interrupt to perform an attack targeting the same figure,None,None
Ko-Tun Feralo,DC,Arms Distribution,1,start_of_activation,None,prompt,TRUE,up to 2 friendly figures within 3 spaces,None,None,FALSE,"At the beginning of your activation, distribute 2 Power Tokens among up to 2 friendly figures within 3 spaces",None,None
Ko-Tun Feralo,DC,Dead Precise,1,attack:rerolls,attacker,prompt,TRUE,a figure within 3 spaces of Ko-Tun,a figure within 3 spaces is attacking and spent a Power Token,None,FALSE,"When an attacking figure within 3 spaces spent a Power Token, it may reroll 1 attack die and apply -1 Dodge to the attack results",reroll,also applies to Ko-Tun; stacks with Professional
Ko-Tun Feralo,DC,Squad Cohesion,1,attack:on_declare,attacker,prompt,TRUE,a friendly REBEL figure within 3 spaces,a friendly REBEL figure within 3 spaces declares an attack,None,FALSE,"When a friendly REBEL figure within 3 declares an attack, it may spend a Power Token from a friendly REBEL figure within 3 of itself for its effect",None,None
Krrsantan,DC,Full of Rage,1,attack:on_declare,attacker,automatic,TRUE,None,you have suffered 3 or more Damage,None,FALSE,"Before you declare an attack, if you have suffered 3 or more Damage, become Focused",condition,None
Krrsantan,DC,Electrified Knuckledusters,1,special_action,None,prompt,FALSE,an adjacent hostile figure,None,None,FALSE,"Choose an adjacent hostile figure and roll 1 blue die; that figure suffers Damage equal to the Damage results, then if 1 or more Surge results it becomes Stunned",damage;condition,likely a special action
Kuiil,DC,Mounted,1,start_of_activation,None,automatic,TRUE,None,None,None,FALSE,"At the start of your activation, gain 3 movement points",gain_mp,None
Kuiil,DC,Hop On!,1,special_action,None,prompt,TRUE,a SMALL friendly figure with cost 8 or less,None,None,FALSE,"Choose a SMALL friendly figure with figure cost 8 or less; when you enter that figure's space this activation, you may interrupt to push that figure 1 space",push,None
KX-Series Security Droid (Elite),DC,Shoulder Rush,1,double_action,None,prompt,FALSE,an adjacent hostile figure,None,None,FALSE,"Double Action: Move up to 6 spaces and choose an adjacent hostile figure; if SMALL, push it 1 space and enter the space it exited; if not SMALL, it is not pushed and KX cannot enter its space, but KX may still attack it; then perform an attack targeting the chosen figure",movement;push,"Shoulder Rush rework: double action, move 6, non-SMALL no-push/no-enter still attacks [CHANGED 2026-06-21 IACP update — does not match printed text]"
KX-Series Security Droid (Elite),DC,Deference Protocol,1,during_activation,None,prompt,TRUE,None,a friendly LEADER enters an adjacent space,once per round,FALSE,"When a friendly LEADER enters an adjacent space, you may gain 1 Block token",None,trigger window is friendly LEADER entering adjacent space
Lando Calrissian,DC,Resourceful,1,attack:rerolls,attacker,prompt,TRUE,None,None,None,FALSE,"While attacking or defending, you may reroll 1 of your attack or defense dice",reroll,also applies on defender side
Lando Calrissian,DC,Resourceful,2,attack:rerolls,defender,prompt,TRUE,None,None,None,FALSE,"While attacking or defending, you may reroll 1 of your attack or defense dice",reroll,also applies on attacker side
Lando Calrissian,DC,Gambit,1,attack:rerolls,attacker,prompt,TRUE,None,before you reroll a die,None,FALSE,"Before you reroll a die, you may replace it with another die of the same type; after rolling, the new die is considered rerolled",reroll,also applies on defender side
Lando Calrissian,DC,Gambit,2,attack:rerolls,defender,prompt,TRUE,None,before you reroll a die,None,FALSE,"Before you reroll a die, you may replace it with another die of the same type; after rolling, the new die is considered rerolled",reroll,also applies on attacker side
Lando Calrissian,DC,Shrewd Scoundrel,1,attack:rerolls,attacker,prompt,TRUE,None,before you reroll a die with Resourceful,once per activation,FALSE,"Before you reroll a die with Resourceful, guess a number 0-2; if Damage or Block symbols match after rerolls, double that die's results",reroll,also applies on defender side
Lando Calrissian,DC,Shrewd Scoundrel,2,attack:rerolls,defender,prompt,TRUE,None,before you reroll a die with Resourceful,once per activation,FALSE,"Before you reroll a die with Resourceful, guess a number 0-2; if Damage or Block symbols match after rerolls, double that die's results",reroll,also applies on attacker side
Leia Organa,DC,Battlefield Leadership,1,special_action,None,prompt,FALSE,another friendly figure within 3 spaces,None,None,FALSE,"Perform an attack, then choose another friendly figure within 3 spaces; that figure may interrupt to move up to 1 space and perform an attack with the same target",movement,None
Loku Kanoloa,DC,Set Your Sights,1,during_setup,None,automatic,FALSE,a unique hostile figure,None,None,FALSE,"At the start of the mission, place a Recon token on a unique hostile figure",None,setup placement effect
Loku Kanoloa,DC,Set Your Sights,2,attack:modifiers,attacker,automatic,TRUE,a friendly figure attacking a figure with a Recon token,a friendly figure is attacking a figure with a Recon token,None,FALSE,"While a friendly figure is attacking a figure with a Recon token, apply Pierce 1 to the attack results",None,effect timing
Loku Kanoloa,DC,Priority Target,1,attack:on_declare,attacker,automatic,TRUE,None,None,None,FALSE,Figures do not block line of sight for this figure's attacks,None,keyword ability
Loku Kanoloa,DC,Mon Cala Special Forces,1,attack:on_declare,attacker,automatic,TRUE,None,target has a Recon token,None,FALSE,"When you declare an attack targeting a figure with a Recon token, you become Focused",condition,None
Loth-cat (Elite),DC,Pounce,1,special_action,None,prompt,TRUE,None,None,None,FALSE,"Place your figure in an empty space within 3 spaces, then you may perform an attack",move,None
Loth-cat (Elite),DC,Fresh Catch,1,special_action,None,prompt,TRUE,you or an adjacent CREATURE,None,None,FALSE,You or an adjacent CREATURE gains 1 Power Token,None,None
Loth-cat (Elite),DC,Curious,1,always,None,automatic,TRUE,None,after you interact,None,FALSE,"After you interact, suffer 1 Strain",strain,None
Loth-cat (Regular),DC,Pounce,1,special_action,None,prompt,TRUE,None,None,None,FALSE,"Place your figure in an empty space within 3 spaces, then you may perform an attack",move,None
Loth-cat (Regular),DC,Rat Catcher,1,special_action,None,prompt,TRUE,you or an adjacent CREATURE,None,None,FALSE,You or an adjacent CREATURE gains 1 Block Token,None,None
Loth-cat (Regular),DC,Curious,1,always,None,automatic,TRUE,None,after you interact,None,FALSE,"After you interact, suffer 1 Strain",strain,None
Luke Skywalker,DC,Saber Strike,1,special_action,None,prompt,TRUE,None,None,None,FALSE,Perform a melee attack using 1 red and 1 yellow die; this attack gains Pierce 3,None,None
Luke Skywalker,DC,Inspiring,1,attack:rerolls,attacker,prompt,FALSE,another friendly figure within 3 spaces,another friendly figure within 3 spaces is attacking,None,FALSE,"While another friendly figure within 3 spaces is attacking, it may reroll 1 die",reroll,None
Luke Skywalker (Jedi Knight),DC,Deflect,1,attack:after_resolves,defender,prompt,FALSE,a hostile figure of your choice in your line of sight,a Ranged attack targeting you or an adjacent friendly figure resolves,None,FALSE,"After a Ranged attack targeting you or an adjacent friendly figure resolves, a hostile figure of your choice in your line of sight suffers 1 Damage",damage,None
Luke Skywalker (Jedi Knight),DC,Heroic,1,during_activation,None,prompt,TRUE,None,None,once per activation,FALSE,"Once during your activation, you may perform an attack without spending an action",None,None
Mak Eshka'rey,DC,Camouflage,1,always,None,automatic,FALSE,hostile figures 4 or more spaces away,None,None,FALSE,Hostile figures 4 or more spaces away cannot draw line of sight to you; you do not block line of sight for those figures,None,None
Mara Jade,DC,Adaptive Skills,1,always,None,automatic,TRUE,None,None,None,FALSE,"Your affiliation matches your army's affiliation; gain HUNTER (IMPERIAL), SMUGGLER (SCUM), or GUARDIAN (REBEL)",None,None
Mara Jade,DC,Fast Learner,1,during_activation,None,prompt,TRUE,None,a Command card whose restriction matches another Deployment card in your army (except Arcing Shot),once per round,FALSE,"Play a Command card whose restriction matches the name of another Deployment card in your army, except Arcing Shot",cc_play,None
Mara Jade,DC,Professional,1,attack:rerolls,attacker,prompt,TRUE,None,None,None,FALSE,"While attacking, you may reroll 1 attack die",reroll,None
Maul,DC,Dual-Bladed Fury,1,attack:on_declare,attacker,prompt,TRUE,None,None,None,FALSE,"Before you declare an attack, choose: this attack gains Reach and Cleave 2, OR you become Focused",condition,None
Maul,DC,Sustained by Rage,1,always,None,automatic,TRUE,None,None,None,FALSE,You cannot recover Damage,None,"always-on passive, split from defeat-prevention (alexanbv 2026-06-16)"
Maul,DC,Sustained by Rage,2,when_suffers_damage_equal_to_health,None,automatic,TRUE,None,you have not resolved an activation this round,None,FALSE,"If you have not resolved an activation this round, you cannot be defeated",None,defeat-prevention checked before-defeated (alexanbv 2026-06-16)
MHD-19,DC,Medical Loadout,1,special_action,None,prompt,TRUE,you or an adjacent friendly figure,None,None,FALSE,You or an adjacent friendly figure recovers 3 Damage,recover,None
MHD-19,DC,Improper Procedure,1,special_action,None,prompt,FALSE,an adjacent hostile figure,None,None,FALSE,Choose an adjacent hostile figure; that figure suffers 1 Damage and becomes Weakened,damage;condition,None
Migs Mayfeld,DC,Locked and Loaded,1,attack:after_resolves,attacker,automatic,TRUE,None,None,None,FALSE,"You may have up to 3 Power Tokens; after you resolve an attack, gain 2 Power Tokens",None,None
Migs Mayfeld,DC,Droid Arm,1,attack:on_declare,attacker,prompt,TRUE,None,None,None,FALSE,"Before you declare an attack, you may discard a Power Token to draw line of sight to the target from a space adjacent to you",None,None
Migs Mayfeld,DC,Return Fire,1,attack:after_resolves,defender,prompt,FALSE,the attacker,an attack targeting you is resolved,once per round,FALSE,"After an attack targeting you is resolved, interrupt to perform an attack targeting that attacker",None,None
Moff Gideon,DC,I Know Everything,1,during_setup,None,prompt,FALSE,opponent Command deck,None,None,FALSE,"During setup, before drawing Command cards, search opponent's Command deck and reveal 2 cards; opponent chooses 1 to shuffle back, return the other to the box",None,None
Moff Gideon,DC,You Have Something I Want,1,during_activation,None,prompt,FALSE,a hostile figure within 4 spaces,a hostile figure within 4 spaces has a Power Token or condition token,once per activation,FALSE,Choose a Power Token or condition token on a hostile figure within 4 spaces; that figure suffers 3 Damage unless it transfers the token to you,damage,None
Murne Rin,DC,False Orders,1,special_action,None,prompt,FALSE,a hostile figure with cost 4 or less within 4 spaces,None,None,FALSE,Choose a hostile figure with figure cost 4 or less within 4 spaces; perform a move or attack with that figure,movement,None
Murne Rin,DC,Field Report,1,special_action,None,prompt,TRUE,up to 2 friendly figures within 4 spaces with 2 or less attack dice,None,None,FALSE,Choose up to 2 friendly figures within 4 spaces with 2 or less printed attack dice; the chosen figures become Hidden,condition,None
Murne Rin,DC,Figurehead,1,when_suffers_strain,None,prompt,TRUE,a friendly figure within 4 spaces,when a friendly figure within 4 spaces suffers Strain,None,FALSE,"When a friendly figure within 4 spaces suffers Strain, you may suffer Strain to prevent 1 of it",strain,"STRAIN ONLY — no damage (alexanbv 2026-06-19: ""Figurehead is for STRAIN not damage""). Wired in strain pipeline (strain-handler.js)"
Nexu (Elite),DC,Pounce,1,special_action,None,prompt,TRUE,None,None,None,FALSE,"Place your figure in an empty space within 3 spaces, then you may perform an attack",move,None
Nexu (Elite),DC,Cunning,1,attack:modifiers,defender,automatic,TRUE,None,None,None,FALSE,"While defending, apply +1 Block to the defense results for each Evade result",None,None
Nexu (Elite),DC,Non-Sentient,1,always,None,automatic,TRUE,None,None,None,FALSE,You cannot interact,None,None
Nexu (Regular),DC,Pounce,1,special_action,None,prompt,TRUE,None,None,None,FALSE,"Place your figure in an empty space within 3 spaces, then you may perform an attack",move,None
Nexu (Regular),DC,Cunning,1,attack:modifiers,defender,automatic,TRUE,None,None,None,FALSE,"While defending, apply +1 Block to the defense results for each Evade result",None,None
Nexu (Regular),DC,Non-Sentient,1,always,None,automatic,TRUE,None,None,None,FALSE,You cannot interact,None,None
Obi-Wan Kenobi,DC,Alter Mind,1,always,None,automatic,FALSE,hostile figures with cost 9 or less within 3 spaces,None,None,FALSE,Hostile figures with figure cost 9 or less within 3 spaces cannot interact and are not counted for control,None,None
Obi-Wan Kenobi,DC,Strike Me Down,1,attack:on_declare,defender,prompt,TRUE,None,an attack targeting you is declared,None,FALSE,"When an attack targeting you is declared, you may reduce your figure cost by 3; if you do, you are then defeated",None,None
Obi-Wan Kenobi,DC,Into the Force,1,when_defeated,None,prompt,FALSE,another friendly figure,None,None,FALSE,"When you are defeated, choose another friendly figure; that figure becomes Focused",condition,None
Onar Koma,DC,Rush,1,special_action,None,prompt,TRUE,an adjacent SMALL figure,None,None,FALSE,"Move up to 4 spaces, then you may push an adjacent SMALL figure up to 1 space; if you do, you and that figure suffer 1 Damage",movement;push;damage,None
Onar Koma,DC,Get Down,1,attack:modifiers,defender,prompt,TRUE,a small figure within 2 spaces,a small figure within 2 spaces is defending,once per round,FALSE,"While a small figure within 2 spaces is defending, you may apply +1 Block or +1 Evade to the defense results",None,None
Onar Koma,DC,Immune,1,always,None,automatic,TRUE,None,None,None,FALSE,You cannot gain HARMFUL conditions,None,None
Pit Droid,Companion DC,Useful,1,always,None,automatic,TRUE,adjacent heroes,None,None,FALSE,You can retrieve crates; adjacent heroes can interact with crates you are carrying,interact,None
Pit Droid,Companion DC,Shiny,1,end_of_round,None,automatic,TRUE,heroes,you are on the map at the end of the mission,None,FALSE,"If you are on the map at the end of the mission, heroes gain 50 credits",None,end of mission timing
Probe Droid (Elite),DC,Targeting Computer,1,attack:rerolls,attacker,prompt,TRUE,None,None,None,FALSE,"While attacking, you may reroll 1 attack die",reroll,None
Probe Droid (Elite),DC,Self-Destruct,1,end_of_round,None,prompt,TRUE,each adjacent figure or object,None,None,FALSE,"Roll 1 red die; each adjacent figure or object suffers Damage equal to the Damage results, then you are defeated",damage,None
Probe Droid (Regular),DC,Self-Destruct,1,end_of_round,None,prompt,TRUE,each adjacent figure and object,None,None,FALSE,"Roll 1 red die; each adjacent figure and object suffers Damage equal to the Damage results, then you are defeated",damage,None
Purge Commander (Elite),DC,Shock Grenade,1,special_action,None,prompt,FALSE,each other figure on or adjacent to chosen space within 3,If you rolled a Surge those figures become Weakened,None,FALSE,Choose a space within 3 spaces and roll 1 green die; each other figure on or adjacent to that space suffers Damage equal to the Damage results; on a Surge they become Weakened,damage;condition,None
Purge Commander (Elite),DC,Coordinated Hunt,1,attack:rerolls,attacker,prompt,TRUE,a friendly HUNTER in your line of sight,while you or a friendly HUNTER in line of sight is attacking,one per attack,FALSE,"While you or a friendly HUNTER in your line of sight is attacking, it may reroll 1 attack die",reroll,None
Purge Trooper (Elite),DC,Imperial Loadout,1,when_deployed,None,automatic,TRUE,None,None,None,FALSE,"When you are deployed, gain 1 Loadout card from the supply",None,None
Purge Trooper (Elite),DC,On the Hunt,1,special_action,None,prompt,TRUE,a unique hostile figure (attack target),target must be a unique hostile figure,None,FALSE,"Move up to 2 spaces, then perform an attack targeting a unique hostile figure; apply +1 Damage to the attack results",movement;damage,None
R2-D2,DC,Scomp Link,1,special_action,None,automatic,TRUE,None,if you are adjacent to a terminal,None,FALSE,"If you are adjacent to a terminal, your player draws 1 Command card",cc_draw,None
R2-D2,DC,Service,1,special_action,None,prompt,TRUE,you or an adjacent friendly DROID or VEHICLE,None,None,FALSE,You or an adjacent friendly DROID or VEHICLE recovers 1 Damage,recover,None
R2-D2,DC,Lucky,1,attack:modifiers,defender,automatic,TRUE,None,if you roll a blank result while defending,None,FALSE,"While defending, if you roll a blank result, add +1 Dodge to the defense results",None,None
Rancor,DC,Crippling Blow,1,special_action,None,prompt,TRUE,the attack target,None,None,FALSE,"Perform an attack; after it resolves, if it did not miss, the defender becomes Stunned",condition,None
Rancor,DC,Trained,1,attack:rerolls,attacker,prompt,TRUE,None,None,None,FALSE,"While attacking, you may suffer 1 Strain to reroll 1 attack die",strain;reroll,None
Rancor,DC,Voracious,1,start_of_activation,None,prompt,TRUE,a friendly non-companion figure within 2,at the start of another figure's activation,once per round,FALSE,"At the start of another figure's activation, you may defeat a friendly non-companion figure within 2 spaces to recover 2 Damage and ready your Deployment card",recover,None
Rebel Pathfinder (Elite),DC,Infiltration,1,after_deployment,None,prompt,TRUE,None,None,None,FALSE,"After deployment, you may move up to 6 spaces",movement,None
Rebel Pathfinder (Elite),DC,Light It Up,1,attack:rerolls,attacker,prompt,TRUE,the attack target,if the target did not have line of sight to you at the start of your activation,None,FALSE,"While attacking, if the target did not have line of sight to you at the start of your activation, you may reroll up to 1 attack die",reroll,None
Rebel Pathfinder (Elite),DC,Distracting Fire,1,attack:after_resolves,attacker,prompt,TRUE,the defender's group,if the attack did not miss,once per group per round,FALSE,"After resolving an attack, if it did not miss, you may force the defender's group to activate next if able",None,None
Rebel Saboteur (Elite),DC,Overload,1,spend_surges,attacker,automatic,TRUE,None,None,twice per attack,FALSE,You can trigger the same Surge ability up to twice per attack,None,None
Rebel Saboteur (Elite),DC,Priority Target,1,attack:on_declare,attacker,automatic,TRUE,None,None,None,FALSE,Figures do not block line of sight for this figure's attacks,None,keyword ability
Rebel Saboteur (Regular),DC,Overload,1,spend_surges,attacker,automatic,TRUE,None,None,twice per attack,FALSE,You can trigger the same Surge ability up to twice per attack,None,None
Rebel Trooper (Elite),DC,Get into Position,1,special_action,None,prompt,TRUE,None,None,None,FALSE,Move up to 4 spaces and become Focused (double action special),movement,Double Action: move up to 4 + Focus self [CHANGED 2026-06-21 IACP update — does not match printed text]
Rebel Trooper (Elite),DC,Aim,1,attack:modifiers,attacker,automatic,TRUE,None,if you have not exited your space during this activation,None,FALSE,"If you have not exited your space during this activation, apply +1 Damage and +2 Accuracy to your attack results",damage,Per-FIGURE activation (matches Regular Aim) [CHANGED 2026-06-21 IACP update — does not match printed text]
Rebel Trooper (Elite),DC,Get Ready,1,start_of_activation,None,prompt,TRUE,a friendly figure in your group,None,None,FALSE,"At the start of your activation, a friendly figure in your group may interrupt to move 1 space",movement,New optional start-of-activation interrupt [CHANGED 2026-06-21 IACP update — does not match printed text]
Rebel Trooper (Regular),DC,Aim,1,attack:modifiers,attacker,automatic,TRUE,None,if you have not exited your space during this activation,None,FALSE,"If you have not exited your space during this activation, apply +1 Damage and +2 Accuracy to your attack results",damage,None
Riot Trooper (Elite),DC,Weaken,1,attack:after_resolves,attacker,automatic,TRUE,the attack target,None,None,FALSE,Your attacks apply Weakened to the target,condition,passive
Riot Trooper (Elite),DC,Stun Batons,1,attack:after_resolves,attacker,automatic,TRUE,the attack target,if the target suffered any Damage,None,FALSE,"After you resolve an attack, if the target suffered any Damage, it also suffers 1 Strain",strain,None
Riot Trooper (Elite),DC,Shield,1,end_of_activation,None,automatic,TRUE,None,if you have no Block Tokens,None,FALSE,"At the end of your activation, if you have no Block Tokens, gain 1 Block Token",None,None
Riot Trooper (Elite),DC,Professional,1,attack:rerolls,attacker,prompt,TRUE,None,None,None,FALSE,"While attacking, you may reroll 1 attack die",reroll,None
Riot Trooper (Regular),DC,Stun Batons,1,attack:after_resolves,attacker,automatic,TRUE,the attack target,if the target suffered any Damage results,None,FALSE,"After you resolve an attack, if the target suffered any Damage results, it also suffers 1 Strain",strain,None
Riot Trooper (Regular),DC,Shield,1,end_of_activation,None,automatic,TRUE,None,if you have no Block tokens,None,FALSE,"At the end of your activation, if you have no Block tokens, gain 1 Block token",None,None
Royal Guard (Elite),DC,Sentinel,1,attack:modifiers,defender,automatic,FALSE,a friendly non-GUARDIAN figure (the defending figure),while a friendly non-GUARDIAN figure is defending and you are adjacent to the targeted space,1 Sentinel or Protector per attack,FALSE,"While a friendly non-GUARDIAN figure is defending and you are adjacent to the targeted space, apply +1 Block to the defense results",None,None
Royal Guard (Elite),DC,Forward Vengeance,1,when_defeated,None,prompt,TRUE,None,when an adjacent friendly non-GUARDIAN non-companion figure is defeated,None,FALSE,"When an adjacent, friendly, non-GUARDIAN, non-companion figure is defeated, you become Focused and may move 1 space",movement,None
Royal Guard (Elite),DC,Professional,1,attack:rerolls,attacker,prompt,TRUE,None,None,None,FALSE,"While attacking, you may reroll 1 attack die",reroll,None
Royal Guard (Regular),DC,Sentinel,1,attack:modifiers,defender,automatic,FALSE,a friendly non-GUARDIAN figure (the defending figure),while a friendly non-GUARDIAN figure is defending and you are adjacent to the targeted space,1 Sentinel or Protector per attack,FALSE,"While a friendly non-GUARDIAN figure is defending and you are adjacent to the targeted space, apply +1 Block to the defense results",None,None
Royal Guard (Regular),DC,Vengeance,1,when_defeated,None,automatic,TRUE,None,when an adjacent friendly non-GUARDIAN figure is defeated,None,FALSE,"When an adjacent, friendly, non-GUARDIAN figure is defeated, you become Focused",None,None
Royal Guard Champion,DC,Brutality,1,special_action,None,prompt,TRUE,two attack targets,each attack must have a different target,None,FALSE,Perform 2 attacks; each attack must have a different target,damage,None
Royal Guard Champion,DC,Executor,1,when_defeated,None,prompt,TRUE,None,when a friendly figure within 3 spaces is defeated,once per round,FALSE,"When a friendly figure within 3 spaces is defeated, you may interrupt to move up to 2 spaces and then perform an attack",movement;damage,None
Royal Guard Champion,DC,Overpower,1,attack:rerolls,attacker,prompt,TRUE,None,while attacking,None,FALSE,"While attacking, you may reroll 1 red die",reroll,None
Royal Guard Champion,DC,Overpower,2,attack:rerolls,defender,prompt,TRUE,None,while defending,None,FALSE,"While defending, you may reroll 1 black die",reroll,None
Sabine Wren,DC,Evasive Maneuver,1,special_action,None,prompt,TRUE,None,None,None,FALSE,"Move up to 2 spaces, then recover 2 Damage",movement;recover,None
Sabine Wren,DC,Parting Gift,1,during_activation,None,prompt,FALSE,each other figure and object on or adjacent to chosen space within 3,None,once per activation,FALSE,Choose a space within 3 spaces and roll 1 green die; each other figure and object on or adjacent to that space suffers Damage equal to the Damage results,damage,None
Salacious B. Crumb,Companion DC,Swipe,1,during_activation,None,automatic,FALSE,a hostile figure in the entered space,when you activate in or enter a space containing a hostile figure,once per figure per round,FALSE,"When you activate in or enter a space containing a hostile figure, it suffers 1 Damage",damage,None
Salacious B. Crumb,Companion DC,Scratch,1,special_action,None,prompt,FALSE,an adjacent hostile figure,None,None,FALSE,Choose an adjacent hostile figure; that figure suffers 1 Damage,damage,None
Saska Teft,DC,Unstable Devices,1,during_activation,None,prompt,TRUE,a friendly figure in your line of sight,None,once per activation,FALSE,A friendly figure in your line of sight may gain 1 Device token,None,None
Saska Teft,DC,Power Converter,1,attack:rerolls,attacker,prompt,TRUE,a friendly figure with a Device token,while a friendly figure with a Device token is attacking,once per round,FALSE,"While a friendly figure with a Device token is attacking, it may reroll 1 attack die; before rerolling you may replace that die with another attack die of any color",reroll,None
Saw Gerrerra,DC,Brutal Tactics,1,when_defeated,None,prompt,FALSE,a hostile figure within 3 spaces of the defeated figure,when a hostile figure is defeated,once per round,FALSE,"When a hostile figure is defeated, choose a hostile figure within 3 spaces of the defeated figure's space; that figure becomes Weakened",condition,timing is when a hostile figure is defeated
Saw Gerrerra,DC,Wanton Destruction,1,attack:after_resolves,attacker,prompt,FALSE,up to 2 figures other than the defender within 2 spaces of the target space,after a friendly resolves an attack,None,FALSE,"After a friendly resolves an attack, you may discard 1 Command card to choose up to 2 figures other than the defender within 2 spaces of the target space; those figures suffer 1 Damage",cc_discard;damage,None
SC2-M Repulsor Tank,DC,Focus Fire,1,special_action,None,prompt,TRUE,two attacks on the same figure,None,None,FALSE,Perform 2 attacks targeting the same figure (double action special),damage,None
SC2-M Repulsor Tank,DC,Defensible,1,attack:modifiers,defender,prompt,TRUE,None,while defending,None,FALSE,"While defending, you may apply either +1 Block or +1 Evade to your defense results",None,None
Scout Trooper (Elite),DC,Camouflage,1,always,None,automatic,FALSE,hostile figures 4 or more spaces away,None,None,FALSE,"Hostile figures 4 or more spaces away cannot draw line of sight to you, and you do not block line of sight for those figures",None,None
Scout Trooper (Elite),DC,Find Weakness,1,attack:modifiers,attacker,automatic,TRUE,None,while attacking,None,FALSE,"While attacking, apply +3 Accuracy and -1 Evade to the results",None,None
Scout Trooper (Elite),DC,Exploit Weakness,1,attack:modifiers,attacker,automatic,TRUE,the attack target,while attacking a figure with a HARMFUL condition,None,FALSE,"While attacking a figure with a HARMFUL condition, apply +1 Surge to the attack results",None,None
Second Sister,DC,Force Leap,1,special_action,None,prompt,TRUE,None,None,None,FALSE,Place your figure in an empty space within 6 spaces,move,None
Second Sister,DC,Saber Orbit,1,special_action,None,prompt,FALSE,up to 3 adjacent hostile figures,None,None,FALSE,"Choose up to 3 adjacent hostile figures; for each, perform a Melee attack using 1 red die targeting that figure",damage,None
Sentry Droid (Elite),DC,Multi-Fire,1,special_action,None,prompt,TRUE,two attacks with different targets,each attack must have a different target,None,FALSE,"Perform 2 attacks, each with a different target; apply -1 Damage to each attack's result",damage,None
Sentry Droid (Elite),DC,Charged Shot,1,special_action,None,prompt,TRUE,the attack target,None,None,FALSE,Perform an attack; apply +2 Accuracy to the attack results,damage,None
Sentry Droid (Elite),DC,Targeting Computer,1,attack:rerolls,attacker,prompt,TRUE,None,None,None,FALSE,"While attacking, you may reroll 1 attack die",reroll,None
Sentry Droid (Regular),DC,Multi-Fire,1,special_action,None,prompt,TRUE,two attacks with different targets,each attack must have a different target,None,FALSE,"Perform 2 attacks, each with a different target; apply -1 Damage to each attack's results",damage,None
Sentry Droid (Regular),DC,Charged Shot,1,special_action,None,prompt,TRUE,the attack target,None,None,FALSE,Perform an attack; apply +2 Accuracy to the attack results,damage,None
Sentry Droid (Regular),DC,Targeting Computer,1,attack:rerolls,attacker,prompt,TRUE,None,None,None,FALSE,"While attacking, you may reroll 1 attack die",reroll,None
Shoretrooper (Elite),DC,Squad Training,1,attack:rerolls,attacker,prompt,TRUE,None,while adjacent to another friendly TROOPER,None,FALSE,"While attacking, while adjacent to another friendly TROOPER, you may reroll 1 attack die",reroll,None
Shyla Varad,DC,Mandalorian Whip,1,special_action,None,prompt,TRUE,a SMALL hostile figure within 3 spaces and line of sight,"target must be SMALL, hostile, within 3 spaces and line of sight",None,FALSE,"Choose a SMALL hostile figure within 3 spaces and line of sight; push it up to 3 spaces to a space adjacent to you, then perform an attack targeting it",push;damage,None
Shyla Varad,DC,Responsive,1,start_of_activation,None,prompt,TRUE,None,None,None,FALSE,"At the start of your activation, you may gain 1 movement point or recover 1 Damage",gain_mp;recover,None
Snowtrooper (Elite),DC,Disruptor Rifle,1,special_action,None,prompt,TRUE,the attack target,if it did not miss and the target has suffered Damage equal to its Health minus 1,None,FALSE,"Perform an attack; after it resolves, if it did not miss and the target has suffered Damage equal to its Health minus 1, the target suffers 1 Damage",damage,None
Snowtrooper (Elite),DC,Spiked Boots,1,always,None,automatic,TRUE,None,None,None,FALSE,You cannot be pushed out of your space except by MASSIVE figures,None,None
Snowtrooper (Elite),DC,Immune,1,always,None,automatic,TRUE,None,None,None,FALSE,You cannot gain HARMFUL conditions,None,None
Snowtrooper (Regular),DC,Environmental Recovery Gear,1,special_action,None,prompt,TRUE,each adjacent friendly TROOPER,None,None,FALSE,You and each adjacent friendly TROOPER may either recover 1 Damage or discard 1 HARMFUL condition,recover,None
Stormtrooper (Elite),DC,Squad Training,1,attack:rerolls,attacker,prompt,TRUE,None,while adjacent to another friendly TROOPER,None,FALSE,"While adjacent to another friendly TROOPER, you may reroll 1 attack die",reroll,None
Stormtrooper (Elite),DC,Last Stand,1,when_defeated,None,prompt,FALSE,another figure in your group,None,None,FALSE,"When you are defeated, choose another figure in your group; that figure becomes Focused",None,None
Stormtrooper (Regular),DC,Squad Training,1,attack:rerolls,attacker,prompt,TRUE,None,adjacent to another friendly TROOPER,None,FALSE,"While attacking, while adjacent to another friendly TROOPER, you may reroll 1 attack die",reroll,None
Super Commando (Elite),DC,Jetpack Rocket,1,when_you_spend_mp,None,prompt,FALSE,a hostile figure within 3 spaces and line of sight,target within 3 spaces and line of sight,once per figure per round,FALSE,Spend 2 movement points to choose a hostile figure within 3 and LOS; roll 1 blue die; that figure suffers Damage equal to the Damage results,damage,None
Super Commando (Elite),DC,Shield Gauntlets,1,when_you_spend_mp,None,prompt,TRUE,None,None,once during your activation,FALSE,Spend 1 movement point to gain 1 Block token,None,None
Tauntaun Rider,DC,Mounted,1,start_of_activation,None,automatic,TRUE,None,None,None,FALSE,Gain 3 movement points,gain_mp,None
Tauntaun Rider,DC,Headbutt,1,special_action,None,prompt,FALSE,an adjacent hostile figure,an adjacent hostile figure,None,FALSE,"Move up to 2 spaces, then choose an adjacent hostile figure and roll 1 red die; the chosen figure suffers Damage equal to the Damage results",movement;damage,None
Tauntaun Rider,DC,Useful Hide,1,when_defeated,None,prompt,TRUE,up to friendly figures,None,None,FALSE,"When this figure is defeated, distribute up to 2 Evade Tokens among friendly figures",None,None
Taron Malicos,DC,Fallen Master,1,always,None,automatic,TRUE,friendly non-companion FORCE USER figures,None,None,FALSE,Friendly non-companion FORCE USER figures may ignore the IMPERIAL restriction when using Command cards,None,None
Taron Malicos,DC,Madness,1,start_of_activation,None,automatic,TRUE,None,2 or fewer Command cards in your hand,None,FALSE,"If you have 2 or fewer Command cards in hand, suffer 1 Strain and become Focused",strain;condition,None
Taron Malicos,DC,Boulder Barrage,1,special_action,None,prompt,TRUE,any figure on the chosen space,a figure on the chosen space in line of sight,None,FALSE,Choose a space in your LOS; any figure on that space suffers 2 Damage; then place a Rubble token in or adjacent to that space,damage,None
The Armorer,DC,Beskar Armor,1,after_deployment,None,automatic,TRUE,None,None,None,FALSE,"After deployment, gain 2 Block Tokens",None,HP increased 10→11 [CHANGED 2026-06-21 IACP update — does not match printed text]
The Armorer,DC,This is the Way,1,attack:after_resolves,None,automatic,TRUE,a friendly figure within 4 spaces of the Armorer,the defender was defeated,None,FALSE,"When another friendly figure within 4 spaces of the Armorer resolves an attack, if the defender was defeated, that figure gains 1 Block Token",None,now gated to a friendly within 4 spaces of the Armorer [CHANGED 2026-06-21 IACP update — does not match printed text]
The Armorer,DC,Survival is Strength,1,attack:rerolls,defender,prompt,TRUE,a friendly figure within 4 spaces of the Armorer,friendly figure within 4 spaces of the Armorer spent a Block symbol during this attack,None,FALSE,"While a friendly figure within 4 spaces of the Armorer is defending, if it spent a Block symbol during this attack, it may reroll 1 attack die",reroll,range increased 3→4 spaces of the Armorer [CHANGED 2026-06-21 IACP update — does not match printed text]
The Child,Companion DC,Force Heal,1,special_action,None,prompt,FALSE,an adjacent friendly figure,an adjacent friendly figure,None,FALSE,An adjacent friendly figure recovers 1 Damage and discards a HARMFUL condition,recover;condition,None
The Child,Companion DC,Force Exhaustion,1,attack:on_declare,defender,prompt,TRUE,"the attacker, or a friendly figure with Clan of Two",attack declared targeting you or a friendly figure with Clan of Two,None,FALSE,"When an attack is declared targeting you or a friendly Clan of Two figure, you may become Incapacitated; if you do, attacker removes 1 attack die and becomes Weakened",condition,None
The Grand Inquisitor,DC,Precision,1,attack:rerolls,attacker,prompt,FALSE,an adjacent figure,attacking or defending against an adjacent figure,None,FALSE,"While attacking or defending against an adjacent figure, choose 1 die; the player that rolled it must reroll it",reroll,both attack sides apply
The Grand Inquisitor,DC,Precision,2,attack:rerolls,defender,prompt,FALSE,an adjacent figure,attacking or defending against an adjacent figure,None,FALSE,"While attacking or defending against an adjacent figure, choose 1 die; the player that rolled it must reroll it",reroll,both attack sides apply
The Grand Inquisitor,DC,Lightsaber Throw,1,special_action,None,prompt,FALSE,a non-adjacent figure,a non-adjacent figure,None,FALSE,Perform a Ranged attack targeting a non-adjacent figure using your attack pool; apply +2 Accuracy to the attack results,damage,None
The Mandalorian,DC,Beskar Armor,1,after_deployment,None,automatic,TRUE,None,None,None,FALSE,"After deployment, gain 2 Block Tokens",None,None
The Mandalorian,DC,Disruptor Rifle,1,special_action,None,prompt,FALSE,the attack target,None,None,FALSE,Perform an attack,damage,use timing
The Mandalorian,DC,Disruptor Rifle,2,attack:after_resolves,attacker,automatic,FALSE,the attack target,did not miss and target suffered Damage equal to its Health minus 1,None,FALSE,"After the attack resolves, if it did not miss and the target has suffered Damage equal to its Health minus 1, the target suffers 1 Damage",damage,effect timing
The Mandalorian,DC,Din's Wrist Flamethrower,1,special_action,None,prompt,FALSE,each other figure on or adjacent to the chosen space within 2,None,None,FALSE,"Move up to 2 spaces, then choose a space within 2; each other figure on or adjacent to that space suffers 1 Damage and 1 Strain",movement;damage;strain,None
Thrawn,DC,Long-Laid Plans,1,start_of_activation,None,prompt,TRUE,friendly figures,None,None,FALSE,Distribute among friendly figures different Power tokens equal to the current round number,gain_pt,None
Thrawn,DC,Strategize,1,start_of_activation,None,prompt,TRUE,None,None,None,FALSE,Look at the top Command card of each player's deck; you may discard one of those cards,cc_discard,None
Trandoshan Hunter (Elite),DC,Relentless,1,attack:on_declare,attacker,automatic,FALSE,the attack target,target within 3 spaces,None,FALSE,"When you declare an attack on a target within 3 spaces, that figure suffers 1 Strain",strain,None
Trandoshan Hunter (Elite),DC,ACP Scattergun,1,attack:modifiers,attacker,automatic,TRUE,the target,adjacent to the target,None,FALSE,"While attacking, if adjacent to the target, apply +2 Damage to the attack results",damage,None
Trandoshan Hunter (Elite),DC,Hardy,1,end_of_round,None,automatic,TRUE,None,None,None,FALSE,"At the end of each round, discard all HARMFUL conditions",condition,None
Trandoshan Hunter (Regular),DC,Relentless,1,attack:on_declare,attacker,automatic,FALSE,the attack target,target within 3 spaces,None,FALSE,"When you declare an attack targeting a figure within 3 spaces, that figure suffers 1 Strain",strain,None
Trandoshan Hunter (Regular),DC,Scattergun,1,attack:modifiers,attacker,automatic,TRUE,the target,adjacent to the target,None,FALSE,"While attacking, if adjacent to the target, apply +1 Damage to the attack results",damage,None
Tress Hacnua,DC,Krayt Dragon Fury,1,attack:modifiers,attacker,automatic,TRUE,None,None,None,FALSE,"While attacking, X equals the number of Surge rolled",None,None
Tress Hacnua,DC,Fyrnock Style,1,attack:rerolls,attacker,prompt,TRUE,None,None,None,FALSE,"While attacking or defending, choose 1 attack die; the player that rolled it must reroll that die",reroll,both attack sides apply
Tress Hacnua,DC,Fyrnock Style,2,attack:rerolls,defender,prompt,TRUE,None,None,None,FALSE,"While attacking or defending, choose 1 attack die; the player that rolled it must reroll that die",reroll,both attack sides apply
Tress Hacnua,DC,Leg Hydraulics,1,attack:after_resolves,attacker,prompt,TRUE,None,None,None,FALSE,"After you resolve an attack, move up to 1 space",movement,None
Tusken Raider (Elite),DC,Tusken Cycler,1,special_action,None,prompt,FALSE,the attack target,None,None,FALSE,Perform a Ranged attack using 1 blue and 1 red die; apply +2 Accuracy to the attack results,damage,None
Tusken Raider (Regular),DC,Tusken Cycler,1,special_action,None,prompt,FALSE,the attack target,None,None,FALSE,Perform a Ranged attack using 1 blue and 1 red die; you cannot use abilities during this attack,damage,NOTE: 'cannot use abilities' clause intentionally NOT enforced — uses the Elite implementation (no ability block) per alexanbv 2026-06-22
Ugnaught Tinkerer (Elite),DC,Spot Weld,1,special_action,None,prompt,TRUE,the Junk Droid companion,None,None,FALSE,Place the Junk Droid companion in an adjacent space,companion_place,None
Ugnaught Tinkerer (Elite),DC,Overclock,1,special_action,None,prompt,TRUE,the Junk Droid companion,None,None,FALSE,The Junk Droid may interrupt to perform a move or attack,movement;damage,None
Ugnaught Tinkerer (Elite),DC,Scrap Battalion,1,start_of_activation,None,automatic,TRUE,the Junk Droid companion,None,None,FALSE,The Junk Droid readies at the start of your activation; it activates as though part of your group and may use your surge abilities,recover,None
Ugnaught Tinkerer (Regular),DC,Spot Weld,1,special_action,None,prompt,TRUE,the Junk Droid companion,None,None,FALSE,Place the Junk Droid companion in an adjacent space,companion_place,None
Ugnaught Tinkerer (Regular),DC,Scrap Battalion,1,start_of_activation,None,automatic,TRUE,the Junk Droid companion,None,None,FALSE,The Junk Droid readies at the start of your activation; it activates as though part of your group and may use your surge abilities,recover,None
Verena Talos,DC,Close Quarters,1,special_action,None,prompt,FALSE,an adjacent hostile figure (attack type source) and the target,adjacent hostile figure to borrow attack type and pool,None,FALSE,"Move up to 1 space, then perform an attack using an adjacent hostile figure's attack type and attack pool; remove 1 die from target's defense pool and apply +1 Accuracy",movement;damage,None
Verena Talos,DC,Improvised Cover,1,attack:modifiers,defender,automatic,TRUE,None,adjacent to an object or non-friendly figure other than the attacker,None,FALSE,"While defending, if adjacent to an object or non-friendly figure other than the attacker, apply +1 Block to the defense results",None,None
Vinto Hreeda,DC,Rapid Fire,1,special_action,None,prompt,FALSE,the attack targets,None,None,FALSE,Perform 2 attacks,damage,None
Vinto Hreeda,DC,Boltslinger,1,attack:after_resolves,attacker,prompt,FALSE,a hostile figure other than the defender in LOS within 3 spaces,resolved an attack during your activation,only during activation,FALSE,"After you resolve an attack during your activation, choose a hostile figure other than the defender in LOS within 3; that figure suffers 1 Damage",damage,None
Wampa (Elite),DC,Efficient Travel,1,always,None,automatic,TRUE,None,None,None,FALSE,You ignore additional movement point costs for difficult terrain and hostile figures,movement,None
Wampa (Elite),DC,Hunger,1,start_of_activation,None,automatic,TRUE,None,no hostile figures within 2 spaces,None,FALSE,"If no hostile figures within 2 spaces, gain 3 movement points and gain 1 Block Token or 1 Evade Token",gain_mp,None
Wampa (Elite),DC,Non-Sentient,1,always,None,automatic,TRUE,None,None,None,FALSE,You cannot interact,interact,None
Wampa (Regular),DC,Efficient Travel,1,always,None,automatic,TRUE,None,None,None,FALSE,You ignore additional movement point costs for difficult terrain and hostile figures,movement,None
Wampa (Regular),DC,Hunger,1,start_of_activation,None,automatic,TRUE,None,no hostile figures within 3 spaces,None,FALSE,"If no hostile figures within 3 spaces, gain 2 movement points",gain_mp,None
Wampa (Regular),DC,Non-Sentient,1,always,None,automatic,TRUE,None,None,None,FALSE,You cannot interact,interact,None
Weequay Pirate (Elite),DC,Prowl,1,special_action,None,prompt,TRUE,None,None,None,FALSE,You become Hidden,condition,None
Weequay Pirate (Elite),DC,Raider,1,attack:rerolls,attacker,prompt,TRUE,None,None,None,FALSE,"While attacking, choose 1 die; the player that rolled it must reroll that die",reroll,None
Weequay Pirate (Regular),DC,Raider,1,attack:rerolls,attacker,prompt,TRUE,None,None,None,FALSE,"While attacking, choose 1 die; the player that rolled it must reroll that die",reroll,None
Wing Guard (Elite),DC,Keep the Peace,1,attack:on_declare,defender,automatic,FALSE,the attacker,hostile figure declares attack targeting a space adjacent to you,limit 1 per group activation,FALSE,"When a hostile figure declares an attack targeting a space adjacent to you, the attacker suffers 1 Strain",strain,None
Wing Guard (Elite),DC,Bespin Security,1,attack:rerolls,attacker,prompt,TRUE,an adjacent friendly LEADER or SCUM TROOPER,adjacent friendly LEADER or SCUM TROOPER performing an attack,limit 1 per attack,FALSE,"You may include Lando Calrissian in your army; while an adjacent friendly LEADER or SCUM TROOPER attacks, it may reroll 1 attack die",reroll,None
Wing Guard (Regular),DC,Keep the Peace,1,attack:on_declare,defender,prompt,TRUE,the attacker,space adjacent to you does not contain a friendly GUARDIAN,limit 1 per attack,FALSE,"When a hostile figure declares an attack targeting a space adjacent to you, if that space lacks a friendly GUARDIAN, you may suffer 1 Strain; if you do, the attacker suffers 1 Strain",strain,None
Wookiee Warrior (Elite),DC,Fury,1,attack:modifiers,attacker,automatic,TRUE,None,you have suffered 5 or more Damage,None,FALSE,"While attacking, if you have suffered 5 or more Damage, apply +1 Surge to the attack results",None,None
Wookiee Warrior (Regular),DC,Fury,1,attack:modifiers,attacker,automatic,TRUE,None,you have suffered 5 or more Damage,None,FALSE,"While attacking, if you have suffered 5 or more Damage, apply +1 Surge to the attack results",None,None
Yoda,DC,Calming Presence,1,start_of_activation,None,prompt,TRUE,a friendly REBEL FORCE USER figure,None,once per round,FALSE,"At the start of a friendly REBEL FORCE USER figure's activation, that figure may remove one HARMFUL condition and suffer 1 Strain",condition;strain,limited to REBEL FORCE USERS [CHANGED 2026-06-21 IACP update — does not match printed text]
Yoda,DC,Wisdom,1,start_of_activation,None,prompt,TRUE,None,None,None,FALSE,"You may draw 1 Command card; if you do, place 1 card from your hand on the bottom of your deck",cc_draw,None
Yoda,DC,Do or Do Not,1,special_action,None,prompt,FALSE,another friendly REBEL FORCE USER within 4 spaces,None,None,FALSE,Choose another friendly REBEL FORCE USER within 4 spaces; that figure becomes Focused,condition,limited to REBEL FORCE USERS [CHANGED 2026-06-21 IACP update — does not match printed text]
Yoda,DC,Force Deflection,1,attack:after_resolves,defender,prompt,FALSE,the attacking figure,attack targeting you or an adjacent friendly REBEL figure,once per round,FALSE,"After an attack targeting you or an adjacent friendly REBEL resolves, you may have the attacking figure suffer Damage equal to the number of attack dice rolled",damage,None
Zeb Orrelios,DC,Bo-Rifle Staff Strike,1,during_activation,None,prompt,FALSE,the attack target,None,once during your activation,FALSE,Perform a Melee attack using 2 red dice without spending an action,damage,None
Zeb Orrelios,DC,Lasat-Honor Guard,1,attack:rerolls,attacker,prompt,TRUE,None,after any rerolls,None,FALSE,"While attacking, after any rerolls, you may turn 1 die showing only a single attack icon to any other side",reroll,None
Zuckuss,DC,Mystic Hunter,1,attack:on_declare,attacker,automatic,TRUE,None,None,None,FALSE,"When you declare an attack, you become Focused",condition,None
Zuckuss,DC,Shared Calculations,1,attack:rerolls,attacker,prompt,TRUE,None,friendly DROID within 3 spaces has LOS to the target space,None,FALSE,"While attacking, if a friendly DROID within 3 has LOS to the target space, you may force the defender to reroll 1 defense die",reroll,None
Paz Vizsla,DC,Heavy Repeater,1,attack:modifiers,attacker,prompt,TRUE,None,performing a Ranged attack,None,FALSE,"While performing a Ranged attack, suffer 1 Strain to apply +1 Damage, Blast 2, or +3 Accuracy to the attack results",strain;damage,None
Paz Vizsla,DC,Submit or Fight,1,when_suffers_strain,None,prompt,TRUE,None,would suffer Damage from Strain,None,FALSE,"When you would suffer Damage from Strain, return any number of Command cards from your discard pile to the game box to prevent that much Damage",None,None
A Powerful Influence,CC,A Powerful Influence,1,start_of_round,None,prompt,FALSE,hostile figures within 3,None,None,FALSE,Play at the start of a round,None,use timing
A Powerful Influence,CC,A Powerful Influence,2,always,None,automatic,FALSE,hostile figures within 3,None,until the start of the next round,FALSE,Hostile figures within 3 spaces cannot interact and are not counted for control,interact,effect timing
Adrenaline,CC,Adrenaline,1,start_of_round,None,prompt,TRUE,None,None,None,FALSE,Play at the start of a round,None,use timing
Adrenaline,CC,Adrenaline,2,always,None,automatic,TRUE,your WOOKIEES,affects your WOOKIEE figures,during this round,FALSE,Apply +5 Health to each of your WOOKIEEs,None,effect timing
Advance Warning,CC,Advance Warning,1,during_activation,None,prompt,TRUE,an adjacent friendly figure,None,None,FALSE,You and an adjacent friendly figure each gain 1 movement point,gain_mp,None
Against the Odds,CC,Against the Odds,1,end_of_round,None,prompt,TRUE,up to 3 of your figures,opponent has at least 8 more VPs than you,None,FALSE,Choose up to 3 of your figures; those figures become Focused,condition,None
All in a Day's Work,CC,All in a Day's Work,1,during_activation,None,prompt,TRUE,None,after you resolve a Special or Interact during your activation,None,FALSE,Become Focused and perform 1 additional action,condition,use after Special or Interact
Ambush,CC,Ambush,1,attack:on_declare,defender,prompt,TRUE,the attacker,you share an edge or corner with blocking impassable or difficult terrain,None,FALSE,"Interrupt to move up to 4 spaces to a space adjacent to the attacker, then the attacker suffers 2 Damage",movement;damage,None
Apex Predator,CC,Apex Predator,1,during_activation,None,prompt,TRUE,None,None,None,FALSE,"Become Focused, Hidden, gain 2 Power Tokens and 2 movement points",gain_pt;gain_mp;condition,None
Apex Predator,CC,Apex Predator,2,during_activation,None,automatic,FALSE,a hostile figure within 2,next hostile figure within 2 defeated during this activation,None,FALSE,"The next time a hostile figure within 2 spaces is defeated during this activation, recover 2 Damage",recover,conditional effect
Arcing Shot,CC,Arcing Shot,1,attack:on_declare,attacker,prompt,TRUE,None,target adjacent to an empty space in your line of sight,None,FALSE,You may target a figure or object adjacent to an empty space in your line of sight,None,use before declaring attack
Armed Escort,CC,Armed Escort,1,during_activation,None,prompt,TRUE,None,None,None,FALSE,Play during your activation,None,use timing
Armed Escort,CC,Armed Escort,2,always,None,automatic,FALSE,other friendly figures within 2,None,during this round,FALSE,Other friendly figures within 2 of you gain +1 Evade,None,effect timing
Assassinate,CC,Assassinate,1,attack:modifiers,attacker,prompt,TRUE,the attack target,first Command card played during this attack,None,FALSE,Apply +3 Hits to the attack results; you cannot play other Command cards during this attack,damage,None
Balancing Force,CC,Balancing Force,1,start_of_round,None,prompt,TRUE,up to 3 chosen figures,your affiliation is Rebel,None,FALSE,Each player chooses up to 3 figures; roll 1 red die; each figure recovers Damage equal to Hit results,recover,each player chooses figures
Ballistics Matrix,CC,Ballistics Matrix,1,during_activation,None,prompt,TRUE,None,None,None,FALSE,Play during your activation and place this card on your Deployment card as an Attachment,None,use timing
Ballistics Matrix,CC,Ballistics Matrix,2,attack:on_declare,attacker,prompt,TRUE,None,None,once per attack,FALSE,Exhaust this card before you declare an attack; figures do not block line of sight during this attack,None,attachment effect
Battle Scars,CC,Battle Scars,1,during_activation,None,prompt,TRUE,None,None,None,FALSE,"Get 1 Power Token, or 2 Power Tokens if you have suffered 3 or more Damage",gain_pt,conditional bonus
Battlefield Awareness,CC,Battlefield Awareness,1,attack:rerolls,None,prompt,FALSE,another friendly figure within 3,after another friendly figure within 3 rolls dice,None,FALSE,Reroll 1 of those dice,reroll,None
Beatdown,CC,Beatdown,1,during_activation,None,prompt,TRUE,None,None,None,FALSE,Play during your activation,None,use timing
Beatdown,CC,Beatdown,2,attack:modifiers,attacker,automatic,TRUE,friendly figures,next 2 attacks performed by friendly figures during your group's activation,next 2 attacks,FALSE,Apply +1 Hit to the attack results of the next 2 attacks by friendly figures,damage,effect timing
Behind Enemy Lines,CC,Behind Enemy Lines,1,during_activation,None,prompt,TRUE,None,in your opponent's deployment zone,None,FALSE,Look at the top 3 cards of their Command deck and return them in any order,None,None
Black Market Prices,CC,Black Market Prices,1,special_action,None,prompt,TRUE,None,None,None,FALSE,"Draw 2 Command cards, then discard 1 card from your hand; gain VPs equal to the cost of the discarded card",cc_draw;cc_discard;vp,None
Bladestorm,CC,Bladestorm,1,attack:modifiers,attacker,prompt,TRUE,None,None,None,FALSE,Apply +1 Surge to the attack results,None,None
Bladestorm,CC,Bladestorm,2,attack:after_resolves,attacker,automatic,FALSE,hostile figures within 2,None,None,FALSE,"After the attack resolves, each hostile figure within 2 spaces suffers 1 Damage",damage,None
Blaze of Glory,CC,Blaze of Glory,1,after_activation_resolves,None,prompt,TRUE,None,after an activation resolves,None,FALSE,Ready your Deployment card,recover,use timing
Blaze of Glory,CC,Blaze of Glory,2,end_of_round,None,automatic,TRUE,None,None,None,FALSE,"At the end of this round, you suffer 3 Damage",damage,effect timing
Blend In,CC,Blend In,1,start_of_round,None,prompt,TRUE,None,None,None,FALSE,Place this card on your Deployment card at the start of a round as an Attachment,None,use timing
Blend In,CC,Blend In,2,always,None,automatic,TRUE,None,None,None,FALSE,You cannot be the target of an attack; discard at the end of your activation or when you declare an attack,None,attachment effect
Blitz,CC,Blitz,1,attack:modifiers,attacker,prompt,TRUE,None,None,None,FALSE,Apply +1 Surge to the attack results,None,None
Blood Feud,CC,Blood Feud,1,special_action,None,prompt,TRUE,None,None,None,FALSE,Place this card on a hostile Deployment card,None,use timing
Blood Feud,CC,Blood Feud,2,attack:on_declare,attacker,automatic,TRUE,figures in the marked group,attack targeting a figure in the marked group is declared,None,FALSE,"When an attack targeting a figure in that group is declared, apply +1 Hit to the attack results",damage,effect timing
Bodyguard,CC,Bodyguard,1,attack:on_declare,defender,prompt,TRUE,an adjacent friendly figure,attack targeting an adjacent friendly figure and you could be the target,None,FALSE,The attack targets you instead,None,None
Brace for Impact,CC,Brace for Impact,1,attack:on_declare,defender,prompt,TRUE,None,None,None,FALSE,Add 1 black die to your defense pool,None,adds a die to the pool -> on_declare (alexanbv 2026-06-16)
Brace Yourself,CC,Brace Yourself,1,attack:on_declare,defender,prompt,TRUE,None,it is not the attacker's activation,None,FALSE,Apply +2 Block to the defense results,None,None
Built on Hope,CC,Built on Hope,1,during_activation,None,prompt,TRUE,None,None,None,FALSE,Look at the top 3 cards of your Command deck; place 1 into your hand and the others on top or bottom in any order,cc_draw,None
Built on Hope,CC,Built on Hope,2,always,None,automatic,TRUE,None,when this card is discarded from your Command deck,None,FALSE,"When this card is discarded from your Command deck, re-draw it",cc_draw,passive
Burst Fire,CC,Burst Fire,1,special_action,None,prompt,FALSE,figures adjacent to the target space,target suffers 1 or more Damage,None,FALSE,"Perform an attack; if the target suffers 1 or more Damage, each figure adjacent to the target space is Stunned",damage;condition,None
Cal's Buddy,CC,Cal's Buddy,1,during_activation,None,prompt,TRUE,the BD-1 Companion figure,None,None,FALSE,Deploy the BD-1 Companion figure to your space or an adjacent space; it activates at the start or end of your activation for the rest of the mission,companion_place,None
Call the Vanguard,CC,Call the Vanguard,1,start_of_round,None,prompt,TRUE,a friendly TROOPER with figure cost 4 or greater,a friendly TROOPER with a figure cost of 4 or greater,None,FALSE,A friendly TROOPER with a figure cost of 4 or greater may interrupt to perform a move and an attack,move,None
Camouflage,CC,Camouflage,1,attack:on_declare,defender,prompt,TRUE,None,None,None,FALSE,You become Hidden,condition,None
Capitalize,CC,Capitalize,1,during_activation,None,prompt,TRUE,None,None,None,FALSE,Play while attacking to choose 1 die; the player that rolled it must reroll that die,reroll,use timing
Capitalize,CC,Capitalize,2,attack:rerolls,None,prompt,TRUE,the chosen die's roller,None,None,FALSE,The player that rolled the chosen die must reroll that die,reroll,effect timing
Capitalize,CC,Capitalize,3,when_gains_condition,None,prompt,FALSE,a hostile figure with a HARMFUL condition,a hostile figure with a HARMFUL condition gains another HARMFUL condition,once,FALSE,Passive in discard pile: you may re-draw this card,cc_draw,"condition trigger, not damage (alexanbv 2026-06-16); check whenever a figure gains a condition"
Capture the Weary,CC,Capture the Weary,1,special_action,None,prompt,FALSE,an adjacent hostile figure,if that figure was already Weakened it suffers 2 Strain instead,None,FALSE,"Choose an adjacent hostile figure; it becomes Weakened, or suffers 2 Strain if already Weakened",condition;strain,None
Cavalry Charge,CC,Cavalry Charge,1,start_of_round,None,prompt,TRUE,None,None,None,FALSE,Play at the start of a round,None,use timing
Cavalry Charge,CC,Cavalry Charge,2,always,None,automatic,TRUE,None,None,None,FALSE,During this round you gain +1 Block,None,effect timing
Cavalry Charge,CC,Cavalry Charge,3,attack:modifiers,attacker,automatic,TRUE,friendly TROOPER within 3,while a friendly TROOPER within 3 spaces is attacking,None,FALSE,Apply +1 Hit to the attack results of a friendly TROOPER within 3 spaces,damage,effect timing
Celebration,CC,Celebration,1,when_defeated,None,prompt,TRUE,None,a unique hostile figure is defeated,None,FALSE,Gain 4 VPs,vp,None
Change of Plans,CC,Change of Plans,1,after_activation_resolves,None,prompt,TRUE,None,must share at least 1 trait and equal or lower Deployment cost,None,FALSE,"After resolving a group's activation, exhaust 1 Deployment card to ready 1 other of equal or lower cost sharing a trait",None,None
Chaotic Force,CC,Chaotic Force,1,start_of_round,None,prompt,TRUE,up to 3 chosen figures,your affiliation is SCUM,None,FALSE,Each player chooses up to 3 figures; roll 1 green die; each chosen figure suffers Strain equal to the Accuracy result,strain,None
Cheat to Win,CC,Cheat to Win,1,attack:rerolls,attacker,prompt,TRUE,None,"used when you use Gambit, after rolling the new die",None,FALSE,Change that die's result to another result of your choice on that die,reroll,triggered by Gambit
Choose a Side,CC,Choose a Side,1,during_activation,None,prompt,TRUE,None,None,None,FALSE,Play during your activation,None,use timing
Choose a Side,CC,Choose a Side,2,always,None,automatic,FALSE,other friendly Mobile figures,based on your army affiliation: SCUM or IMPERIAL,None,FALSE,During this round other friendly Mobile figures gain Personal Combat Shield (SCUM) or Gar Saxon's Flamethrower (IMPERIAL),None,effect timing
Cloned Reinforcements,CC,Cloned Reinforcements,1,special_action,None,prompt,TRUE,a defeated friendly non-DROID non-unique TROOPER,figure cost 4 or less and an empty adjacent space,None,FALSE,Choose a defeated friendly non-DROID non-unique TROOPER with figure cost 4 or less and place it in an empty adjacent space,companion_place,None
Close and Personal,CC,Close and Personal,1,during_activation,None,prompt,TRUE,None,None,None,FALSE,"Play during your activation to move up to 2 spaces, then perform a melee attack without an action using 1 red and 1 yellow die",move;movement;damage,attack uses Pierce 1 and surge options Hit/Stun
Close the Gap,CC,Close the Gap,1,start_of_round,None,prompt,TRUE,friendly BRAWLERS,None,None,FALSE,"Each friendly BRAWLER may move up to 2 spaces, then each friendly BRAWLER within 4 spaces of a hostile figure gains 1 Armor Token",move;movement,None
Collateral Damage,CC,Collateral Damage,1,attack:after_resolves,attacker,prompt,FALSE,a figure or object other than the defender within 2 of the target space,within 2 spaces of the target space,None,FALSE,Choose a figure or object other than the defender within 2 spaces of the target space; it suffers 2 Damage,damage,None
Collect Intel,CC,Collect Intel,1,start_of_round,None,prompt,TRUE,None,you have 1 or more SPIES on the map,None,FALSE,Look at your opponent's hand of Command cards,None,None
Combat Resupply,CC,Combat Resupply,1,during_activation,None,prompt,TRUE,friendly figures within 3,None,None,FALSE,Distribute Hit tokens equal to the current round number to friendly figures within 3 spaces,damage_token,None
Comm Disruption,CC,Comm Disruption,1,when_opponent_plays_cc,None,prompt,TRUE,None,a Command card with cost X is played where X is equal to or less than the number of friendly SPY groups on the map,None,FALSE,Discard that card and cancel its effects,cc_discard,None
Concentrated Fire,CC,Concentrated Fire,1,attack:on_declare,attacker,prompt,TRUE,None,another friendly TROOPER declares an attack targeting a target in your line of sight; you have the Ranged attack type,None,FALSE,Add 1 red die to the attack pool; you become Stunned,damage;condition,None
Coordinated Attack,CC,Coordinated Attack,1,special_action,None,prompt,TRUE,a friendly figure within 3,targeting the same figure,None,FALSE,You and a friendly figure within 3 spaces may each attack the same figure; figures do not block line of sight for these attacks,damage,None
Corrupting Force,CC,Corrupting Force,1,start_of_round,None,prompt,TRUE,up to 3 chosen figures,your affiliation is IMPERIAL,None,FALSE,Each player chooses up to 3 figures; roll 1 blue die; each chosen figure suffers Damage equal to the Hit results,damage,None
Counter Attack,CC,Counter Attack,1,attack:after_resolves,defender,prompt,TRUE,the attacker,you were not defeated and are adjacent to the attacker,None,FALSE,The attacker suffers 2 Damage,damage,None
Covering Fire,CC,Covering Fire,1,start_of_round,None,prompt,TRUE,up to 3 friendly TROOPERS,None,None,FALSE,Play at the start of the round; up to 3 friendly TROOPERS become Hidden,condition,use timing
Covering Fire,CC,Covering Fire,2,always,None,automatic,TRUE,each of your TROOPERS,None,None,FALSE,"During this round each of your TROOPERS gains Surge: Stun, and +2 Hits if target was already Stunned",condition;damage,effect timing
Cripple,CC,Cripple,1,special_action,None,prompt,FALSE,an adjacent hostile figure,None,until the end of the round,FALSE,Choose an adjacent hostile figure; until end of round it cannot voluntarily exit its space,None,None
Cruel Strike,CC,Cruel Strike,1,special_action,None,prompt,TRUE,None,None,None,FALSE,"Perform an attack that gains Surge: Pierce 1, Weaken",damage,None
Crush,CC,Crush,1,during_activation,None,prompt,TRUE,a SMALL figure in your ending space,you end movement in spaces containing one or more other figures,None,FALSE,Choose a SMALL figure in those spaces; it suffers 4 Damage,damage,triggered when ending movement
Cut Lines,CC,Cut Lines,1,start_of_status_phase,None,prompt,TRUE,None,None,during this round,FALSE,Players cannot draw Command cards during this round,cc_draw,used at start of Status Phase
Dangerous Bargains,CC,Dangerous Bargains,1,start_of_round,None,prompt,TRUE,None,you have 30 or fewer VPs,None,FALSE,You and your opponent each gain 3 VPs,vp,None
Dangerous Prey,CC,Dangerous Prey,1,attack:after_resolves,defender,prompt,TRUE,the attacker,you are within 4 spaces of the attacker,None,FALSE,"The attacker suffers 1 Damage (3 if adjacent), then move up to 2 spaces",damage;move;movement,None
Dark Energy,CC,Dark Energy,1,during_activation,None,prompt,FALSE,another SMALL figure within 3,None,None,FALSE,"Choose another SMALL figure within 3 spaces; push it up to 1 space, then it suffers 1 Damage",push;move;damage,None
Data Theft,CC,Data Theft,1,special_action,None,prompt,TRUE,None,None,once during this round,FALSE,Choose a Command card in your opponent's discard pile; once this round you may play it as though in your hand,cc_play,None
De Wanna Wanga,CC,De Wanna Wanga,1,special_action,None,prompt,TRUE,None,None,None,FALSE,Choose 1 Command card in your discard pile and shuffle it into your Command deck,cc_draw,None
De Wanna Wanga,CC,De Wanna Wanga,2,always,None,prompt,TRUE,None,this card is discarded from your hand or deck,once per round,FALSE,Passive: when this card is discarded from hand or deck you may shuffle it into your Command deck,cc_draw;cc_discard,passive
Deadeye,CC,Deadeye,1,during_activation,None,prompt,TRUE,None,None,None,FALSE,Play while attacking to apply +2 Accuracy to the attack results,None,use timing
Deadeye,CC,Deadeye,2,attack:modifiers,attacker,automatic,TRUE,None,None,None,FALSE,Apply +2 Accuracy to the attack results,None,effect timing
Deadly Precision,CC,Deadly Precision,1,start_of_activation,None,prompt,TRUE,None,None,only during this round,FALSE,Play at the start of your activation,None,use timing
Deadly Precision,CC,Deadly Precision,2,attack:modifiers,attacker,automatic,TRUE,None,while attacking during this round,None,FALSE,Apply -1 Dodge to the defense results,None,effect timing
Deathblow,CC,Deathblow,1,attack:on_declare,attacker,automatic,TRUE,None,when you declare a Melee attack,None,FALSE,Apply +1 Hit to the attack results,None,None
Deathblow,CC,Deathblow,2,attack:modifiers,attacker,automatic,FALSE,the attack target,defender has the Ranged attack type,None,FALSE,Apply an additional +1 Hit to the attack results,None,conditional bonus
Debts Repaid,CC,Debts Repaid,1,when_defeated,None,automatic,TRUE,None,when a friendly figure is defeated,None,FALSE,Ready your Deployment card and become Focused,condition;recover,affects a friendly figure being defeated
Definition: 'Love',CC,Definition: 'Love',1,during_activation,attacker,prompt,TRUE,the attack target,target hostile figure 5 or more spaces away,None,FALSE,Perform an attack targeting a hostile figure 5 or more spaces away without spending an action; remove 1 red die from the attack pool,None,extra attack
Deflection,CC,Deflection,1,attack:modifiers,defender,automatic,TRUE,None,when a Ranged attack targeting you is declared,None,FALSE,Apply -2 Accuracy to the attack results,None,use timing
Deflection,CC,Deflection,2,attack:after_resolves,defender,automatic,FALSE,the attacker,when a Ranged attack targeting you is declared,None,FALSE,"After the attack is resolved, the attacker suffers 1 Damage",damage,effect timing
Demoralizing Monologue,CC,Demoralizing Monologue,1,attack:rerolls,attacker,prompt,TRUE,None,None,None,FALSE,Choose and reroll 1 defense die,reroll,None
Demoralizing Monologue,CC,Demoralizing Monologue,2,attack:modifiers,attacker,prompt,TRUE,None,if you reveal 2 or more cards from your hand,None,FALSE,"You may reveal your hand; if you reveal 2 or more cards, remove the chosen die's results from the defense results",cc_play,conditional
Deploy the Garrison,CC,Deploy the Garrison,1,start_of_round,None,prompt,TRUE,each friendly TROOPER or GUARDIAN within 4,None,None,FALSE,Each friendly TROOPER or GUARDIAN within 4 spaces gains 2 movement points or 1 Hit Token,gain_mp;damage_token,None
Desperate Escape,CC,Desperate Escape,1,end_of_round,None,prompt,TRUE,None,None,None,FALSE,Move up to 6 spaces,move;movement,use timing
Desperate Escape,CC,Desperate Escape,2,end_of_round,None,prompt,TRUE,friendly figures,if your Kuiil is defeated,None,FALSE,You may discard this card from your hand to distribute 2 Hit Tokens among friendly figures,cc_discard;damage_token,passive ability
Devotion,CC,Devotion,1,special_action,None,prompt,FALSE,an adjacent friendly figure,adjacent friendly figure chosen,None,FALSE,"Choose an adjacent friendly figure, then search your Command deck and draw 1 card with that figure's name as a trait, reveal it, and shuffle your Command deck",cc_draw,None
Dirty Trick,CC,Dirty Trick,1,during_activation,None,prompt,TRUE,the entering hostile figure,when a hostile figure enters an adjacent space,None,FALSE,That figure must choose to either suffer 3 Strain or become Stunned,strain;condition,reactive trigger
Dioxis Fumes,CC,Dioxis Fumes,1,during_activation,None,automatic,TRUE,each non-DROID figure,None,None,FALSE,Each non-DROID figure suffers 1 Strain,strain,flat 1 Strain (no yellow-die roll) [CHANGED 2026-06-21 IACP update — does not match printed text]
Dioxis Fumes,CC,Dioxis Fumes,2,during_activation,None,automatic,TRUE,non-Droid figures,None,until the end of the round,FALSE,"Until the end of the round, non-Droid figures cannot recover Strain",None,effect window [CHANGED 2026-06-21 IACP update — does not match printed text]
Disable,CC,Disable,1,special_action,None,prompt,FALSE,an adjacent hostile figure,adjacent hostile figure chosen,until the end of that figure's next activation,FALSE,"Until the end of that figure's next activation, that figure cannot use action or surge abilities",None,None
Disarm,CC,Disarm,1,during_activation,None,prompt,FALSE,the adjacent hostile figure,when an adjacent hostile figure becomes Bleeding from your attack,None,FALSE,"Put this card into play, then that figure suffers 1 Damage, becomes Weakened, and can't discard the Weakened condition",cc_play;damage;condition,reactive trigger
Disengage,CC,Disengage,1,during_activation,None,prompt,TRUE,None,when a hostile figure enters a space within 3 spaces of you,None,FALSE,Gain 3 movement points,gain_mp,reactive trigger
Disorient,CC,Disorient,1,during_activation,None,prompt,TRUE,the figure that suffered Damage,after a hostile figure with a BENEFICIAL condition suffers Damage,None,FALSE,"Discard 1 BENEFICIAL condition from that figure, then that figure suffers 2 Strain",condition;strain,reactive trigger
Double or Nothing,CC,Double or Nothing,1,attack:rerolls,attacker,prompt,TRUE,None,rerolled result has same number of symbols as original,None,FALSE,"Choose a die; its controller rerolls it; if the rerolled result has the same number of symbols, you may double or cancel its results",reroll,either side; flagged for attack_side ambiguity
Draw!,CC,Draw!,1,during_activation,attacker,prompt,TRUE,None,None,None,FALSE,Perform an attack without using an action,None,extra attack
Droid Mastery,CC,Droid Mastery,1,during_activation,None,prompt,TRUE,J4X-7,None,None,FALSE,"J4X-7 becomes Focused, then may interrupt to perform an attack; if not in play, put J4X-7 into your space instead",condition;companion_place,None
Dying Lunge,CC,Dying Lunge,1,when_suffers_damage_equal_to_health,attacker,prompt,TRUE,None,when you have suffered Damage equal to your Health before you are defeated,None,FALSE,"Move up to 2 spaces, then perform a Melee attack, then you are defeated",move;movement,self-defeat
Eerie Visage,CC,Eerie Visage,1,special_action,None,automatic,FALSE,each hostile figure with line of sight to you,hostile figure has line of sight to you,None,FALSE,Each hostile figure with line of sight to you suffers 1 Strain and becomes Weakened,strain;condition,None
Efficient Travel,CC,Efficient Travel,1,start_of_round,None,automatic,TRUE,each of your figures,until the end of the round,until the end of the round,FALSE,Each of your figures ignores additional movement point costs for difficult terrain and hostile figures,movement,None
Element of Surprise,CC,Element of Surprise,1,attack:on_declare,attacker,automatic,FALSE,the attack target,target did not have line of sight to you at the start of your activation,None,FALSE,Remove 1 die from the target's defense pool,None,conditional
Elusive,CC,Elusive,1,attack:modifiers,defender,prompt,TRUE,None,None,None,FALSE,"Choose 1 attack die and remove all symbols on it from the attack results, then remove all symbols on a defense die from the defense results",None,while defending
Emergency Aid,CC,Emergency Aid,1,special_action,None,prompt,FALSE,an adjacent figure,adjacent figure chosen,None,FALSE,Choose an adjacent figure; that figure recovers 2 Damage,recover,None
Emergency Aid,CC,Emergency Aid,2,special_action,None,automatic,TRUE,an adjacent figure,if you are a GUARDIAN or LEADER,None,FALSE,"If you are a GUARDIAN or LEADER, that figure recovers an additional 1 Damage",recover,conditional bonus
Endless Reserves,CC,Endless Reserves,1,special_action,None,prompt,TRUE,a defeated friendly TROOPER,defeated friendly TROOPER in a group with another figure,None,FALSE,"Choose a defeated friendly TROOPER and place it in an empty space adjacent to another figure in its group, then shuffle this card back into your Command deck",companion_place,None
Escalating Hostility,CC,Escalating Hostility,1,attack:after_resolves,attacker,automatic,FALSE,the defender,after you resolve an attack that did not miss,None,FALSE,"The defender suffers 1 Strain, plus an additional 1 Strain for each other Escalating Hostility Command card in your discard pile",strain,None
Espionage Mastery,CC,Espionage Mastery,1,during_activation,None,prompt,TRUE,None,after you resolve Interrogate,None,FALSE,"Return your discarded Command card to your hand, then draw 1 card",cc_draw,reactive trigger
Etiquette and Protocol,CC,Etiquette and Protocol,1,special_action,None,prompt,FALSE,1 hostile and 1 friendly figure in your line of sight,both figures in your line of sight,until the end of the round,FALSE,"Until the end of the round, the chosen figures cannot declare attacks targeting each other",None,None
Evacuate,CC,Evacuate,1,special_action,None,prompt,TRUE,a friendly figure within 2 spaces,friendly figure within 2 spaces,None,FALSE,That friendly figure is defeated; your opponent gains only half the VPs they would normally gain (rounded down),vp,None
Explosive Weaponry,CC,Explosive Weaponry,1,attack:on_declare,attacker,automatic,TRUE,None,when you declare an attack,None,FALSE,This attack gains Blast 1,None,None
Expose Weakness,CC,Expose Weakness,1,during_activation,None,prompt,FALSE,an adjacent hostile figure,must be an adjacent hostile figure,None,FALSE,Choose an adjacent hostile figure; the next attack targeting that figure gains Pierce 3,None,use timing
Expose Weakness,CC,Expose Weakness,2,attack:modifiers,attacker,automatic,TRUE,the chosen figure,the next attack targeting the chosen figure,None,FALSE,The next attack targeting that figure gains Pierce 3,damage,effect timing
Extra Protection,CC,Extra Protection,1,when_suffers_damage,None,prompt,FALSE,another friendly figure within 2,another friendly figure within 2 suffers 3 or more Damage,None,FALSE,Use when another friendly figure within 2 suffers 3 or more Damage,None,use timing
Extra Protection,CC,Extra Protection,2,during_activation,None,prompt,TRUE,the attack target,None,None,FALSE,Move up to 2 spaces then perform an attack,movement;move,effect
Eyes on the Prize,CC,Eyes on the Prize,1,start_of_round,None,prompt,TRUE,each friendly figure carrying or controlling a crate or mission token,your affiliation is Scum and figure carries or controls a crate or mission token,None,FALSE,"Each qualifying friendly figure may recover 1 Damage, gain 1 Block Token, or discard 1 HARMFUL condition",recover;gain_pt;condition,None
Face Me!,CC,Face Me!,1,special_action,None,prompt,FALSE,a unique hostile figure with line of sight,a unique hostile figure with line of sight to you,None,FALSE,"Push that figure spaces equal to its speed to a space adjacent to you, then attack it",push;move,None
Face to Face,CC,Face to Face,1,special_action,None,prompt,FALSE,an adjacent figure or object,None,None,FALSE,Move up to 2 spaces then perform an attack targeting an adjacent figure or object,movement;move,None
Fatal Deception,CC,Fatal Deception,1,start_of_activation,None,prompt,TRUE,a figure with figure cost 5 or less within 5,using False Orders this round and target figure cost 5 or less within 5,None,FALSE,When you use False Orders this round you may choose a figure with figure cost 5 or less within 5 spaces,None,None
Feint,CC,Feint,1,attack:modifiers,attacker,prompt,TRUE,a figure within 2 spaces,attacking a figure within 2 spaces,None,FALSE,Choose 1 attack die and 1 defense die and remove their results,None,None
Feral Swipes,CC,Feral Swipes,1,special_action,None,prompt,TRUE,None,None,None,FALSE,"For each die in your attack pool, perform a Melee attack using 1 red die",None,None
Ferocity,CC,Ferocity,1,end_of_round,None,prompt,TRUE,one of your or your opponent's CREATURES,None,None,FALSE,Choose 1 of your or your opponent's CREATURES and perform 1 attack with that figure,None,None
Field Promotion,CC,Field Promotion,1,attack:after_resolves,attacker,automatic,TRUE,None,attack defeated the figure and your affiliation is REBEL or IMPERIAL,None,FALSE,Gain 4 VPs and increase your figure cost by 2,vp,None
Field Supply,CC,Field Supply,1,start_of_round,None,prompt,FALSE,up to 2 other figures within 3,None,None,FALSE,Up to 2 other figures within 3 spaces gain 1 Hit Token or 1 Surge Token,None,use timing
Field Supply,CC,Field Supply,2,attack:rerolls,attacker,prompt,TRUE,a friendly figure who spends a Hit Token or Surge Token,a friendly figure spends a Hit Token or Surge Token this round,None,FALSE,A friendly figure who spends a Hit Token or Surge Token may reroll 1 attack die during that attack,reroll,effect
Field Tactician,CC,Field Tactician,1,special_action,None,prompt,TRUE,a friendly figure within 2,None,None,FALSE,Choose a friendly figure within 2 spaces; that figure may interrupt to perform a move,movement;move,None
Final Stand,CC,Final Stand,1,when_suffers_damage_equal_to_health,None,prompt,TRUE,a friendly figure within 3,a friendly figure within 3 suffered damage equal to its Health before defeat,None,FALSE,"Move up to 2 spaces, gain 1 Power Token, perform an attack, then that friendly figure is defeated",movement;move;gain_pt,None
Findsman Meditation,CC,Findsman Meditation,1,start_of_round,None,prompt,TRUE,one of your opponent's groups,None,None,FALSE,Choose one of your opponent's groups,None,use timing
Findsman Meditation,CC,Findsman Meditation,2,during_activation,None,prompt,TRUE,None,opponent activates the chosen group this round,None,FALSE,When opponent activates that group you may interrupt to perform a move or an attack,movement;move,effect
Fleet Footed,CC,Fleet Footed,1,during_activation,None,automatic,TRUE,None,None,None,FALSE,Gain 1 movement point,gain_mp,None
Flurry of Blades,CC,Flurry of Blades,1,special_action,None,prompt,TRUE,None,None,None,FALSE,Perform 3 attacks,None,None
Focus,CC,Focus,1,special_action,None,automatic,TRUE,None,None,None,FALSE,You become Focused,condition,None
Fool Me Once,CC,Fool Me Once,1,during_activation,None,prompt,TRUE,None,None,None,FALSE,"Return your opponent's Command discard pile to the game box; if you are a SPY, draw 1 Command card",cc_draw,cost is 2 Strain
Forbidden Knowledge,CC,Forbidden Knowledge,1,start_of_activation,None,prompt,TRUE,None,None,None,FALSE,"Draw 1 Command card, then discard 1 or more Command cards; recover 1 Damage, gain 1 movement point, and discard 1 HARMFUL condition for each card discarded",cc_draw;cc_discard;recover;gain_mp;condition,None
Force Drain,CC,Force Drain,1,special_action,None,prompt,FALSE,a hostile figure within 2,None,None,FALSE,Chosen hostile figure within 2 suffers 3 Damage and becomes Stunned and Weakened,damage;condition,None
Force Drain,CC,Force Drain,2,special_action,None,automatic,TRUE,None,the chosen figure is a FORCE USER,None,FALSE,"If that figure is a FORCE USER, you recover 3 Damage",recover,None
Force Illusion,CC,Force Illusion,1,attack:modifiers,defender,prompt,TRUE,the defender,a hostile figure in your line of sight is attacking,None,FALSE,The defender becomes Hidden,condition,None
Force Jump,CC,Force Jump,1,special_action,None,prompt,TRUE,None,None,None,FALSE,Move up to 5 spaces gaining MOBILE; cannot end in blocking or impassable terrain,movement;move,None
Force Lightning,CC,Force Lightning,1,special_action,None,prompt,FALSE,a hostile figure within 2 and each figure adjacent to it,a hostile figure in your line of sight within 2 spaces,None,FALSE,Chosen figure and each figure adjacent to it suffers 2 Damage and becomes Stunned,damage;condition,None
Force Push,CC,Force Push,1,during_activation,None,prompt,FALSE,another SMALL figure within 3,another SMALL figure within 3 spaces,None,FALSE,Push that figure up to 2 spaces,push;move,None
Force Rush,CC,Force Rush,1,start_of_activation,None,automatic,TRUE,None,None,None,FALSE,You gain 2 movement points,gain_mp,None
Force Surge,CC,Force Surge,1,end_of_activation,None,prompt,FALSE,an adjacent hostile figure,None,None,FALSE,"Move up to 1 space, then chosen adjacent hostile figure suffers 2 Damage and 1 Strain",movement;move;damage;strain,None
Foresee,CC,Foresee,1,during_activation,None,prompt,TRUE,None,discarded card cost is 1 or less to draw,None,FALSE,"Look at top 2 Command cards of opponent's deck, discard 1; if its cost is 1 or less, draw 1 Command card",cc_discard;cc_draw,None
Forward March,CC,Forward March,1,during_activation,None,automatic,TRUE,each friendly figure within 2,None,None,FALSE,Each friendly figure within 2 spaces gains 1 movement point,gain_mp,None
Fuel Upgrade,CC,Fuel Upgrade,1,start_of_round,None,automatic,TRUE,each of your VEHICLES,None,until end of round,FALSE,Each of your VEHICLES gains +1 Speed and applies +1 Evade to defense results until end of round,None,None
Furious Charge,CC,Furious Charge,1,attack:after_resolves,defender,automatic,TRUE,None,an attack targeting you resolved and you suffered 3 or more Damage,None,FALSE,Ready your Deployment card,recover,None
Gauntlet Blade,CC,Gauntlet Blade,1,attack:after_resolves,defender,prompt,FALSE,an adjacent hostile figure,attack targeting you resolved,None,FALSE,"Choose an adjacent hostile figure and roll 1 green die; that figure suffers Damage equal to the Hit results, then if you rolled a Surge gain a Block Token",damage;gain_pt,None
Get Behind Me!,CC,Get Behind Me!,1,attack:on_declare,defender,prompt,TRUE,a friendly small figure within 3,played by a GUARDIAN or a Rebel melee FORCE USER; attack declared targeting another friendly small figure with cost 10 or less within 3 spaces,None,FALSE,Move up to 3 spaces adjacent to that figure and the attack targets you instead if able,movement;move,Eligible figure restricted to a GUARDIAN or a Rebel FORCE USER whose attack type is MELEE [CHANGED 2026-06-21 IACP update — does not match printed text]
Glory of the Kill,CC,Glory of the Kill,1,attack:after_resolves,attacker,automatic,TRUE,None,the defender was defeated,None,FALSE,Recover 3 Damage,recover,None
Grenadier,CC,Grenadier,1,special_action,None,prompt,FALSE,each figure on or adjacent to the chosen space,None,None,FALSE,Choose a space within 3 spaces and roll 1 red die; each figure on or adjacent suffers Damage equal to the Hit results,damage,None
Grisly Contest,CC,Grisly Contest,1,during_activation,None,prompt,TRUE,an adjacent hostile figure,None,None,FALSE,"An adjacent hostile figure suffers 2 Damage, then you suffer 2 Strain",damage;strain,None
Guardian Stance,CC,Guardian Stance,1,attack:rerolls,None,prompt,FALSE,an adjacent friendly figure,an adjacent friendly figure is defending,None,FALSE,Reroll 1 or more attack or defense dice,reroll,None
Guerilla Warfare,CC,Guerilla Warfare,1,start_of_round,None,automatic,FALSE,each friendly figure with no other friendly figures within 2 spaces,friendly figure has no other friendly figures within 2 spaces,None,FALSE,Each qualifying friendly figure gains 1 Block token and becomes Hidden,condition,None
Guild Programming,CC,Guild Programming,1,during_activation,None,automatic,TRUE,None,"performing ""Rapid Fire""",None,FALSE,"Before you declare each attack of Rapid Fire, you become Focused",condition,None
Hard to Hit,CC,Hard to Hit,1,attack:rerolls,defender,prompt,TRUE,None,None,None,FALSE,Reroll 1 defense die,reroll,None
Harsh Environment,CC,Harsh Environment,1,start_of_round,None,prompt,TRUE,None,None,None,FALSE,Play at the start of a round,None,use timing
Harsh Environment,CC,Harsh Environment,2,attack:modifiers,defender,automatic,TRUE,all figures,terrain location of defending figure,None,FALSE,"Until end of round, figures on exterior spaces apply -1 Evade to defense results and figures not on exterior spaces apply +1 Block to defense results",None,effect timing
Heart of Freedom,CC,Heart of Freedom,1,start_of_activation,None,prompt,TRUE,None,None,None,FALSE,"Discard 1 HARMFUL condition, recover 2 Damage, and gain 2 movement points",condition;recover;gain_mp;movement,None
Heavy Armor,CC,Heavy Armor,1,attack:modifiers,defender,automatic,TRUE,None,None,None,FALSE,"During this attack, the Pierce keyword has no effect",None,None
Heavy Ordnance,CC,Heavy Ordnance,1,attack:modifiers,attacker,automatic,TRUE,None,None,None,FALSE,Apply +1 Hit; if the defender is an object apply +2 Hit and Pierce 2 instead,None,None
Heightened Reflexes,CC,Heightened Reflexes,1,attack:modifiers,attacker,prompt,TRUE,the attack target,attacking a figure,None,FALSE,Choose 1 defense die and remove its results from the defense results,None,None
Hidden Trap,CC,Hidden Trap,1,special_action,None,prompt,FALSE,each figure adjacent to the chosen terminal,None,None,FALSE,Choose a terminal; each figure adjacent to it suffers 2 Damage,damage,None
Hide in Plain Sight,CC,Hide in Plain Sight,1,special_action,None,automatic,TRUE,None,None,None,FALSE,"Until the end of the round, you cannot be the target of an attack",None,None
Hit and Run,CC,Hit and Run,1,special_action,None,prompt,TRUE,None,None,None,FALSE,Perform an attack; after it resolves gain 3 movement points,gain_mp;movement,None
Hold Ground,CC,Hold Ground,1,special_action,None,automatic,FALSE,SMALL hostile figures adjacent to you,None,None,FALSE,"Until the end of the round, SMALL hostile figures cannot voluntarily exit spaces adjacent to you",None,None
Honoring the Fallen,CC,Honoring the Fallen,1,attack:on_declare,attacker,automatic,TRUE,None,currently defeated friendly figures exist,None,FALSE,"Apply +1 Hit for each currently defeated friendly figure, to a maximum of +3 Hits",None,None
Hostile Negotiation,CC,Hostile Negotiation,1,during_activation,None,prompt,TRUE,None,None,None,FALSE,"Discard a random Command card from your hand; if you do, your opponent discards 2 random cards from their hand",cc_discard,None
Hour of Need,CC,Hour of Need,1,during_activation,None,automatic,TRUE,None,None,None,FALSE,You recover Damage equal to the current round number,recover,None
Hunt Them Down,CC,Hunt Them Down,1,attack:on_declare,attacker,automatic,TRUE,None,"declaring ""Lightsaber Throw""",None,FALSE,Apply +2 Accuracy and the attack gains Cleave 2,None,None
Hunter Protocol,CC,Hunter Protocol,1,attack:modifiers,attacker,prompt,TRUE,None,None,None,FALSE,You may trigger the same Surge ability up to twice,None,None
I Can Feel It,CC,I Can Feel It,1,attack:rerolls,defender,prompt,TRUE,None,None,None,FALSE,Reroll 1 defense die,reroll,multiple timing windows
I Can Feel It,CC,I Can Feel It,2,attack:rerolls,attacker,prompt,TRUE,None,None,None,FALSE,Reroll 1 attack die,reroll,multiple timing windows
I Can Feel It,CC,I Can Feel It,3,special_action,None,prompt,TRUE,None,None,None,FALSE,Gain 1 VP,vp,multiple timing windows
I Make My Own Luck,CC,I Make My Own Luck,1,start_of_round,None,automatic,TRUE,None,None,None,FALSE,Your player claims the initiative token and Han Solo must activate first this round,None,None
Iron Will,CC,Iron Will,1,attack:on_declare,defender,automatic,TRUE,None,attack targeting you declared,None,FALSE,You cannot suffer more than 3 Damage from that attack,None,None
Jump Jets,CC,Jump Jets,1,special_action,None,prompt,TRUE,None,None,None,FALSE,Place your figure in an empty space within 5 spaces,companion_place,None
Jundland Terror,CC,Jundland Terror,1,end_of_round,None,prompt,TRUE,"a chosen ""Tusken Raider"" or ""Bantha Rider"" figure",None,None,FALSE,Chosen figure gains 2 movement points and may interrupt to perform an attack or Special Action,gain_mp;movement,None
Just Business,CC,Just Business,1,start_of_round,None,prompt,TRUE,None,None,None,FALSE,Play at the start of the round,None,use timing
Just Business,CC,Just Business,2,attack:rerolls,attacker,automatic,TRUE,friendly Scum figures within 3 spaces,friendly Scum figure within 3 spaces of you,None,FALSE,"During this round, friendly Scum figures within 3 gain Professional (may reroll 1 attack die while attacking)",reroll,effect timing
Karabast!,CC,Karabast!,1,during_activation,None,prompt,FALSE,hostile figures within 2 spaces,Damage you have suffered,None,FALSE,"For each Damage you have suffered, choose a hostile figure within 2 spaces; each chosen figure suffers 1 Damage",damage,None
Knowledge and Defense,CC,Knowledge and Defense,1,attack:on_declare,defender,automatic,TRUE,None,None,None,FALSE,Add 1 black die to your defense pool,None,adds a die to the pool -> on_declare (alexanbv 2026-06-16)
Knowledge and Defense,CC,Passive,2,spend_surges,attacker,prompt,TRUE,None,While this card is in your discard pile and the figure is a Force User,None,TRUE,Re-draw this card,cc_draw,passive surge granted to Force Users
Learn by Example,CC,Learn by Example,1,during_activation,None,prompt,TRUE,None,A Force User Command card exists in a discard pile,None,FALSE,"Play this card as a copy of a Force User Command card in any discard pile, ignoring faction restrictions",cc_play,timing window not specified on card; treated as play action
Let's Make a Deal,CC,Let's Make a Deal,1,attack:modifiers,defender,prompt,TRUE,None,You have VPs to pay,None,FALSE,"Pay your opponent X VPs to apply -X Hits to the attack results, then you become Focused",vp;condition,None
Lightbow,CC,Lightbow,1,special_action,None,prompt,TRUE,the attack target,None,None,FALSE,"Perform a Ranged attack using 1 blue, 1 red, and 1 green die using only +2 Accuracy, Surge +1 Hit, Surge Pierce 4",damage,None
Lock On,CC,Lock On,1,attack:modifiers,attacker,prompt,TRUE,the attack target,None,None,FALSE,"Apply +3 Accuracy, or -1 Dodge, or -1 Evade to the results",None,None
Lure of the Dark Side,CC,Lure of the Dark Side,1,special_action,None,prompt,FALSE,a hostile figure in your line of sight,None,None,FALSE,"Choose a hostile figure in line of sight; it gains +2 Hit Tokens, then perform an attack with that figure against a target within 4, then the chosen figure suffers 2 Strain",damage_token;damage;strain,None
Negation,CC,Negation,1,when_opponent_plays_cc,None,prompt,TRUE,None,Opponent played a Command card with a cost of 0,None,FALSE,Discard that card and cancel its effects,cc_discard,None
Marksman,CC,Marksman,1,attack:on_declare,attacker,automatic,TRUE,None,Before declaring a Ranged attack,None,FALSE,Figures do not block line of sight for this attack,None,None
Ready Weapons,CC,Ready Weapons,1,special_action,None,prompt,TRUE,figures in your group,None,None,FALSE,Distribute 3 Hit Tokens among figures in your group,damage_token,None
Size Advantage,CC,Size Advantage,1,special_action,None,prompt,TRUE,the attack target,target is a Small figure,None,FALSE,"Perform an attack targeting a Small figure, apply +2 Hit to the results and the attack gains Weaken",damage;condition,None
Smoke Grenade,CC,Smoke Grenade,1,special_action,None,prompt,TRUE,a friendly figure within 2 of the chosen space,None,None,FALSE,"Choose a space within 2 and place 1 smoke token, then a friendly figure within 2 of that space gains 2 movement points; discard the smoke token at the end of the next round",gain_mp,None
Take Cover,CC,Take Cover,1,special_action,None,prompt,TRUE,None,None,None,FALSE,Play during your activation as a Special Action,None,use timing
Take Cover,CC,Take Cover,2,attack:modifiers,defender,automatic,TRUE,None,During this round while defending,None,FALSE,Apply +1 Block and -2 Accuracy to the results,None,effect timing
Take Initiative,CC,Take Initiative,1,start_of_round,None,prompt,TRUE,None,None,None,FALSE,"Claim the initiative token, then exhaust 1 of your Deployment cards",None,None
Urgency,CC,Urgency,1,special_action,None,prompt,TRUE,None,None,None,FALSE,Gain a number of movement points equal to your Speed +2,gain_mp,None
Wookiee Rage,CC,Wookiee Rage,1,special_action,None,prompt,FALSE,up to 3 hostile figures adjacent to you,None,None,FALSE,"Each chosen figure suffers 1 Damage for each Damage you have suffered, to a maximum of 3 Damage",damage,None
Mandalorian Tactics,CC,Mandalorian Tactics,1,during_activation,None,prompt,TRUE,None,None,None,FALSE,"Choose: gain 4 movement points, OR perform an attack without spending an action",gain_mp;damage,multi-option ability
Maximum Firepower,CC,Maximum Firepower,1,special_action,None,prompt,TRUE,the attack target,None,None,FALSE,Perform an attack and apply +4 Hit to the attack results,damage,timing given as doubleActionSpecial
Meditation,CC,Meditation,1,special_action,None,prompt,TRUE,None,None,None,FALSE,"You become Focused; once during your next activation, if you are a Force User, you may perform an attack targeting an adjacent figure without spending an action",condition;damage,None
Opportunistic,CC,Opportunistic,1,when_suffers_damage,None,prompt,TRUE,None,After a hostile figure suffers Damage,None,FALSE,You gain 3 movement points,gain_mp,trigger is a hostile figure suffering damage
Shoot the Messenger,CC,Shoot the Messenger,1,attack:after_resolves,attacker,prompt,TRUE,None,The defender was defeated,None,FALSE,Your opponent discards the top 3 cards of their Command deck,None,None
I Must Go Alone,CC,I Must Go Alone,1,start_of_round,None,prompt,TRUE,None,None,None,FALSE,Play at the start of a round,None,use timing
I Must Go Alone,CC,I Must Go Alone,2,always,None,automatic,TRUE,None,Hostile figure attacking is not within 3 spaces of you,None,FALSE,"Until end of round, hostile figures cannot declare attacks targeting you unless within 3 spaces",None,effect timing
Improvised Weapons,CC,Improvised Weapons,1,special_action,None,prompt,TRUE,the attack target,None,None,FALSE,Perform a Ranged attack using 1 green and 1 yellow die; you cannot use abilities during this attack,damage,None
In the Shadows,CC,In the Shadows,1,start_of_round,None,prompt,TRUE,None,None,None,FALSE,Play at the start of a round,None,use timing
In the Shadows,CC,In the Shadows,2,always,None,automatic,TRUE,None,Hostile figures 4 or more spaces away,None,FALSE,"Until end of round, hostile figures 4 or more spaces away do not have line of sight to you, and you do not block line of sight for those figures",None,effect timing
Induce Rage,CC,Induce Rage,1,start_of_round,None,prompt,TRUE,up to 2 figures,None,None,FALSE,"Each chosen figure discards each of its conditions, then gains 1 Hit Token for each condition discarded this way",condition;damage_token,None
Inspiring Speech,CC,Inspiring Speech,1,special_action,None,prompt,FALSE,up to 2 friendly figures adjacent to you,None,None,FALSE,Chosen figures become Focused,condition,None
Intelligence Leak,CC,Intelligence Leak,1,during_activation,None,prompt,TRUE,None,None,None,FALSE,"Look at your opponent's hand; you may choose and discard a Command card from it, then you suffer Strain equal to that card's cost",cc_discard;strain,None
Looking for a Fight,CC,Looking for a Fight,1,during_activation,None,prompt,FALSE,an adjacent Small figure,None,None,FALSE,"Gain 1 Hit Token, then either move up to 1 space or push an adjacent Small figure up to 1 space",damage_token;move;push,None
Lord of the Sith,CC,Lord of the Sith,1,when_defeated,None,prompt,TRUE,the attack target,A hostile figure is defeated,None,FALSE,"Interrupt to move up to 2 spaces, then you may use Force Choke or perform an attack",move;damage,trigger is a hostile figure being defeated outside your activation
Mandalorian Steel,CC,Mandalorian Steel,1,start_of_round,None,prompt,TRUE,None,None,None,FALSE,Play at the start of the round,None,use timing
Mandalorian Steel,CC,Mandalorian Steel,2,attack:after_resolves,defender,automatic,TRUE,a friendly figure within 4 spaces,that figure spent a Block Token,None,FALSE,"After an attack targeting a friendly figure within 4 spaces resolves, if that figure spent a Block Token, it recovers 1 Damage",recover,effect timing
Marked Territory,CC,Marked Territory,1,during_activation,None,prompt,TRUE,a figure in your group in an exterior space,None,None,FALSE,"Gain 1 Power Token, then a figure in your group in an exterior space gains 1 Hit Token",gain_pt,None
Master Operative,CC,Master Operative,1,attack:on_declare,attacker,automatic,TRUE,None,"when you declare ""Close Quarters""",None,FALSE,You become Focused and apply +1 Surge to the attack results,condition,None
Merciless,CC,Merciless,1,special_action,None,prompt,FALSE,an adjacent hostile figure,adjacent hostile figure,None,FALSE,"Choose an adjacent hostile figure; that figure's player may discard 2 cards from the top of his Command deck, or your player gains 3 VPs",vp;cc_discard,None
Miracle Worker,CC,Miracle Worker,1,when_suffers_damage_equal_to_health,None,automatic,TRUE,a friendly figure within 3 spaces,a friendly figure within 3 spaces would be defeated,None,FALSE,"Instead of being defeated, that figure recovers 3 damage",recover,None
Mitigate,CC,Mitigate,1,attack:rerolls,attacker,prompt,TRUE,None,None,None,FALSE,Reroll 1 attack die while attacking,reroll,None
Navigation Upgrade,CC,Navigation Upgrade,1,special_action,None,prompt,TRUE,None,None,None,FALSE,Take 1 Strain and place this card in your Play Area,strain,use timing; attachment effect follows
Navigation Upgrade,CC,Navigation Upgrade,2,during_activation,None,prompt,TRUE,a friendly DROID,during a friendly DROID's activation,None,FALSE,Exhaust this card during a friendly DROID's activation; that figure gains 1 movement point,gain_mp,attachment effect timing
New Orders,CC,New Orders,1,special_action,None,prompt,FALSE,1 adjacent friendly figure,adjacent friendly figure,None,FALSE,Choose 1 adjacent friendly figure and ready that figure's Deployment card,None,None
Of No Importance,CC,Of No Importance,1,when_defeated,None,automatic,TRUE,one of your non-unique figures,one of your non-unique figures is defeated,None,FALSE,"That figure is worth 4 fewer VPs, to a minimum of 0",vp,None
Officer's Training,CC,Officer's Training,1,attack:rerolls,attacker,prompt,TRUE,None,None,None,FALSE,Reroll 1 attack die while attacking,reroll,None
Officer's Training,CC,Officer's Training,2,attack:after_resolves,attacker,automatic,TRUE,None,if you are a LEADER,None,FALSE,"If you are a LEADER, draw 1 Command card",cc_draw,None
On a Mission,CC,On a Mission,1,special_action,None,prompt,TRUE,SMALL figures you enter the space of,None,None,FALSE,"Move up to 5 spaces; each time you enter a space containing a SMALL figure, you may push that figure 1 space",movement;push,None
On the Lam,CC,On the Lam,1,attack:on_declare,defender,prompt,TRUE,None,when an attack targeting you is declared,None,FALSE,Perform a move when an attack targeting you is declared,movement,None
One in a Million,CC,One in a Million,1,attack:on_declare,attacker,automatic,TRUE,the attack target,if it is not your activation,None,FALSE,"When you declare an attack, if it is not your activation, remove all dice from the target's defense pool",None,None
Optimal Bombardment,CC,Optimal Bombardment,1,special_action,None,prompt,FALSE,up to 3 VEHICLES DROIDS or HEAVY WEAPONS adjacent to you,adjacent VEHICLES DROIDS or HEAVY WEAPONS,None,FALSE,"Choose up to 3 VEHICLES, DROIDS, or HEAVY WEAPONS adjacent to you; each may interrupt to perform an attack gaining Blast 1",None,None
Out of Time,CC,Out of Time,1,during_activation,None,prompt,FALSE,a hostile figure within 3 spaces and line of sight,hostile figure within 3 spaces and line of sight,None,FALSE,A hostile figure within 3 spaces and line of sight suffers Strain equal to the current round number,strain,None
Overcharged Weapons,CC,Overcharged Weapons,1,attack:modifiers,attacker,automatic,TRUE,the attack target,when a hostile figure activates,None,FALSE,"Interrupt to perform an attack targeting the activating figure; the attack gains Pierce 2, then exhaust your Deployment card and become Weakened",condition,None
Overdrive,CC,Overdrive,1,start_of_round,None,prompt,TRUE,each of your DROIDS,None,once per DROID,FALSE,"During this round, each of your DROIDS may suffer 2 Damage during its activation to perform 1 additional action",damage,None
Overheated,CC,Overheated,1,special_action,None,prompt,TRUE,None,if you have the Ranged attack type,None,FALSE,"Strain 4; if you have Ranged attack type, perform 2 attacks applying -1 Hit, then your attack type becomes Melee",strain,None
Overrun,CC,Overrun,1,start_of_activation,None,automatic,FALSE,hostile figures whose space you enter,when you enter a hostile figure's space,once per hostile figure,FALSE,"During this activation, when you enter a hostile figure's space, that figure suffers 2 Damage",damage,None
Overwhelming Impact,CC,Overwhelming Impact,1,attack:modifiers,attacker,automatic,TRUE,None,None,None,FALSE,"For each defense die rolled, apply +1 Damage and +1 Surge to the attack results; ignore all defense results not on the defense dice",damage,None
Pack Alpha,CC,Pack Alpha,1,special_action,None,prompt,TRUE,up to 3 friendly CREATURES within 3 spaces and a chosen hostile figure,None,None,FALSE,Up to 3 friendly CREATURES within 3 spaces each move up to 3 spaces; then a chosen hostile figure suffers Damage equal to the number of those figures adjacent to it,movement;damage,None
Paid in Beskar,CC,Paid in Beskar,1,when_defeated,None,automatic,TRUE,None,when a hostile figure within 3 spaces is defeated,None,FALSE,Gain 2 Block tokens when a hostile figure within 3 spaces is defeated,None,None
Parry,CC,Parry,1,attack:modifiers,defender,prompt,TRUE,None,None,None,FALSE,Apply +1 Block or +1 Evade to the defense results while defending,None,None
Parting Blow,CC,Parting Blow,1,during_activation,None,prompt,TRUE,the hostile figure exiting an adjacent space,when a hostile figure exits an adjacent space,None,FALSE,"Interrupt when a hostile figure exits an adjacent space; before it moves, perform an attack targeting it, then you become Stunned",None,None
Payback,CC,Payback,1,attack:after_resolves,defender,prompt,TRUE,the attacker,after an attack targeting you resolves,None,FALSE,"Interrupt to perform an attack targeting the attacker, applying +2 Surge to the attack results",None,None
Personal Energy Shield,CC,Personal Energy Shield,1,during_activation,None,prompt,TRUE,None,None,None,FALSE,Gain 1 Evade Token,None,use timing
Personal Energy Shield,CC,Personal Energy Shield,2,attack:modifiers,defender,automatic,TRUE,None,for each Evade result,None,FALSE,"While defending during this round, apply +1 Block to your defense results for each Evade result",None,effect timing
Pickpocket,CC,Pickpocket,1,during_activation,None,prompt,FALSE,a hostile figure,while adjacent to a hostile figure,None,FALSE,Roll 1 green die; your opponent loses VPs and you gain VPs equal to the Accuracy result,vp,None
Planning,CC,Planning,1,special_action,None,prompt,TRUE,None,None,None,FALSE,"Draw 2 Command cards; then if you are not a LEADER, discard 1 of those cards",cc_draw;cc_discard,None
Positioning Advantage,CC,Positioning Advantage,1,attack:modifiers,attacker,automatic,TRUE,None,None,None,FALSE,Apply +1 Hit to the attack results while attacking,None,None
Prepared for Battle,CC,Prepared for Battle,1,during_activation,None,automatic,TRUE,an adjacent friendly figure,if you are a LEADER,None,FALSE,"Gain 1 Hit Token and 1 Block Token; if you are a LEADER, an adjacent friendly figure gains 1 Hit Token and 1 Block Token",None,None
Preservation Protocol,CC,Preservation Protocol,1,when_suffers_damage_equal_to_health,None,automatic,TRUE,None,when you have suffered Damage equal to your Health,None,FALSE,"Instead of being defeated, recover 1 Damage; until the end of the game you lose 'Programming Override' and 'Shared Intuition'",recover,None
Price of Glory,CC,Price of Glory,1,during_activation,None,prompt,TRUE,None,None,None,FALSE,Discard 1 HARMFUL condition and gain 2 movement points; then you may suffer 1 Damage to gain up to 2 different Power Tokens,condition;gain_mp;damage;gain_pt,None
Price on Their Heads,CC,Price on Their Heads,1,special_action,None,prompt,FALSE,a hostile Deployment card group,None,None,FALSE,Place this card on a hostile Deployment card,None,use timing
Price on Their Heads,CC,Price on Their Heads,2,when_defeated,None,automatic,TRUE,the marked hostile group,when the last figure in that group is defeated,None,FALSE,Gain an additional 4 VPs when the last figure in the marked group is defeated,vp,effect timing
Primary Target,CC,Primary Target,1,attack:on_declare,attacker,automatic,TRUE,the attack target,target is a hostile figure with the highest figure cost of all hostile figures on the map,None,FALSE,You become Focused and apply +1 Hit to the attack results,condition,None
Protect the Old Ways,CC,Protect the Old Ways,1,attack:modifiers,defender,automatic,TRUE,a figure within 3 spaces that is defending,a figure within 3 spaces is defending,None,FALSE,Apply +X Block to the defense results where X is 1 plus the number of FORCE USER Command cards in your discard pile,None,None
Provoke,CC,Provoke,1,after_activation_resolves,None,prompt,FALSE,a hostile figure adjacent to one of your TROOPERS or GUARDIANS,a hostile figure must be adjacent to one of your TROOPERS or GUARDIANS,None,FALSE,Choose a hostile figure adjacent to your TROOPER or GUARDIAN; that figure's group must activate next if able,None,used after resolving an activation
Pummel,CC,Pummel,1,special_action,None,automatic,TRUE,None,you have the MELEE attack type,None,FALSE,Perform 2 attacks,None,None
Rally,CC,Rally,1,start_of_activation,None,automatic,TRUE,None,None,None,FALSE,Discard all of your HARMFUL conditions,condition,None
Rally the Troops,CC,Rally the Troops,1,special_action,None,prompt,FALSE,another friendly TROOPER within 3 spaces,a friendly TROOPER must be within 3 spaces,None,FALSE,Choose another friendly TROOPER within 3 spaces and ready that figure's Deployment card,None,None
Rank and File,CC,Rank and File,1,start_of_activation,None,automatic,TRUE,each friendly TROOPER adjacent to you,None,None,FALSE,You and each friendly TROOPER adjacent to you gain 1 movement point,gain_mp,None
Rapid Recalibration,CC,Rapid Recalibration,1,attack:rerolls,attacker,prompt,TRUE,None,used before the defender performs rerolls,None,FALSE,Choose 1 attack die and turn that die to any side,None,None
Reactive Loyalties,CC,Reactive Loyalties,1,attack:after_resolves,defender,prompt,TRUE,the attacker,used after an attack targeting you resolves; effect depends on your affiliation,None,FALSE,IMPERIAL: attacker suffers 3 Damage; SCUM: you gain 3 VPs; REBEL: you recover 3 Damage,damage;vp;recover,affiliation-dependent branches
Rebel Graffiti,CC,Rebel Graffiti,1,end_of_activation,None,prompt,TRUE,None,no adjacent hostile figures; re-draw only if you are Sabine Wren,None,FALSE,Gain 2 VPs; then if you are Sabine Wren you may re-draw this card,vp;cc_draw,None
Recovery,CC,Recovery,1,special_action,None,automatic,TRUE,None,None,None,FALSE,Recover 2 Damage,recover,None
Reduce to Rubble,CC,Reduce to Rubble,1,attack:after_resolves,attacker,automatic,TRUE,each figure and object within 2 spaces of the target space,used after you resolve an attack that did not miss due to accuracy,None,FALSE,"Each figure and object within 2 spaces of the target space suffers 1 Damage, then place a Rubble token in the target space and each adjacent space",damage;damage_token,None
Regroup,CC,Regroup,1,special_action,None,automatic,FALSE,adjacent friendly figures,None,None,FALSE,Discard all HARMFUL conditions from adjacent friendly figures,condition,None
Reinforcements,CC,Reinforcements,1,start_of_round,None,prompt,TRUE,one of your defeated TROOPERS with reinforcement cost 3 or less,a defeated TROOPER with reinforcement cost of 3 or less,None,FALSE,Choose 1 defeated TROOPER with reinforcement cost 3 or less and place that figure adjacent to any other figure of its group,companion_place,None
Repair,CC,Repair,1,special_action,None,prompt,FALSE,an adjacent friendly DROID or VEHICLE,figure must be an adjacent friendly DROID or VEHICLE,None,FALSE,Choose an adjacent friendly DROID or VEHICLE; that figure recovers 3 damage,recover,Special Action mode
Repair,CC,Repair,2,during_activation,None,prompt,FALSE,an adjacent friendly DROID or VEHICLE,you are a TECHNICIAN; figure must be an adjacent friendly DROID or VEHICLE,None,FALSE,Free Action for TECHNICIAN: choose an adjacent friendly DROID or VEHICLE; that figure recovers 3 damage,recover,TECHNICIAN free-action mode
Reposition,CC,Reposition,1,special_action,None,prompt,TRUE,a SMALL friendly figure within 3 spaces,figure must be a SMALL friendly figure within 3 spaces,None,FALSE,Choose a SMALL friendly figure within 3 spaces and push that figure up to 3 spaces,push,None
Rest in Peace,CC,Rest in Peace,1,start_of_round,None,prompt,TRUE,None,None,None,FALSE,Put this card into play,None,use timing
Rest in Peace,CC,Rest in Peace,2,always,None,automatic,TRUE,all players,None,None,FALSE,"Players cannot choose, play, or re-draw Command cards in discard piles",None,persistent effect
Rest in Peace,CC,Rest in Peace,3,end_of_round,None,automatic,TRUE,None,None,None,FALSE,Discard this card and draw 1 Command card,cc_draw;cc_discard,effect timing
Retaliation,CC,Retaliation,1,when_defeated,None,prompt,TRUE,None,used when a friendly figure is defeated,None,FALSE,"Either become Focused, gain 2 Hit Tokens, or move up to 2 spaces",move,triggers on a friendly figure being defeated
Reverse Engineer,CC,Reverse Engineer,1,special_action,None,prompt,TRUE,the defender,None,None,FALSE,Perform an attack; during this attack you may use Surge abilities on the defender's Deployment card instead of your own and apply +1 Surge to the attack results,None,None
Right Back At Ya!,CC,Right Back At Ya!,1,attack:on_declare,defender,automatic,TRUE,the attacker,used when an attack targeting you is declared; 3 Damage if you spent a Block Token during this attack,None,FALSE,The attacker suffers 1 Damage (3 Damage if you spent a Block Token during this attack),damage,None
Roar,CC,Roar,1,special_action,None,prompt,FALSE,up to 3 adjacent hostile figures,you have suffered 3 or more damage,None,FALSE,Choose up to 3 adjacent hostile figures; those figures become Stunned,condition,None
Run for Cover,CC,Run for Cover,1,attack:on_declare,defender,prompt,TRUE,None,used when an attack targeting you is declared,None,FALSE,Choose 1 die and remove it from the attack pool,None,None
Sarlacc Sweep,CC,Sarlacc Sweep,1,special_action,None,automatic,TRUE,None,each attack must target a different figure,None,FALSE,"Perform 2 attacks, each targeting a different figure",None,None
Savage Vigor,CC,Savage Vigor,1,attack:on_declare,defender,prompt,FALSE,the attacker,used when an attack targeting you is declared,None,FALSE,The attacker chooses 2 attack dice and removes the rest from the attack pool,None,None
Second Chance,CC,Second Chance,1,start_of_round,None,prompt,TRUE,None,None,None,FALSE,Place this card on your Deployment card as an Attachment,None,use timing
Second Chance,CC,Second Chance,2,when_suffers_damage_equal_to_health,None,automatic,TRUE,None,"before you would be defeated, or at the end of this round",None,FALSE,Recover 2 Damage and discard this card,recover,effect timing; also triggers at end of round
Self-Augmentation,CC,Self-Augmentation,1,during_activation,None,prompt,TRUE,None,None,None,FALSE,Place this card on your Deployment card as an Attachment,None,use timing
Self-Augmentation,CC,Self-Augmentation,2,always,None,automatic,TRUE,None,None,None,FALSE,You gain the DROID trait,None,persistent attachment effect
Self-Augmentation,CC,Self-Augmentation,3,attack:rerolls,attacker,prompt,TRUE,None,while attacking,None,FALSE,You may reroll 1 attack die,reroll,attachment reroll effect
Self-Defense,CC,Self-Defense,1,always,None,automatic,FALSE,a hostile figure entering an adjacent space,used when a hostile figure enters a space adjacent to you,None,FALSE,That figure suffers 1 Damage,damage,triggers on hostile figure entering adjacent space
Set a Trap,CC,Set a Trap,1,start_of_round,None,prompt,TRUE,a chosen map tile,None,None,FALSE,Choose a map tile,None,use timing
Set a Trap,CC,Set a Trap,2,end_of_round,None,prompt,TRUE,one of your figures on that tile and a hostile figure on that tile,a hostile figure must be on the chosen tile,None,FALSE,Choose one of your figures on that tile to interrupt to perform an attack targeting a hostile figure on that tile,None,effect timing
Set for Stun,CC,Set for Stun,1,special_action,None,automatic,FALSE,the attack target,None,None,FALSE,"Perform an attack; if the target would suffer 1 or more Damage, reduce the Damage suffered to 0, then the target becomes Stunned",condition,None
Set the Charges,CC,Set the Charges,1,special_action,None,prompt,TRUE,each figure or object on or adjacent to the chosen space,None,None,FALSE,"Choose a space within 3, roll a blue die, open unlocked doors adjacent to that space, then each figure or object on or adjacent to that space suffers Damage equal to combined Hit and Surge results",damage;interact,None
Shadow Ops,CC,Shadow Ops,1,special_action,None,automatic,FALSE,the opposing player,None,until end of round,FALSE,"Until the end of the round, the opposing player cannot play Command cards",cc_play,None
Shared Experience,CC,Shared Experience,1,during_activation,None,prompt,TRUE,None,None,None,FALSE,Spend 3 movement points to become Focused,condition,None
Shared Experience,CC,Shared Experience,2,always,None,prompt,TRUE,None,a friendly DROID or VEHICLE is defeated,None,FALSE,"Passive (Discard): When a friendly DROID or VEHICLE is defeated, you may re-draw this card",cc_draw,passive discard ability
Signal Jammer,CC,Signal Jammer,1,start_of_round,None,prompt,TRUE,None,None,None,FALSE,Put this card into play at the start of a round,cc_play,use timing
Signal Jammer,CC,Signal Jammer,2,when_opponent_plays_cc,None,automatic,TRUE,any player who plays a Command card,None,once,FALSE,"When any player plays a Command card, discard that card and cancel its effects, then discard this card",cc_discard,effect timing
Single Purpose,CC,Single Purpose,1,start_of_activation,None,prompt,TRUE,None,None,twice this activation,FALSE,You may use the same special action up to twice during this activation,None,None
Sit Tight,CC,Sit Tight,1,start_of_round,None,automatic,TRUE,None,until you have more ready Deployment cards than your opponent,None,FALSE,You do not activate any groups this round until you have more ready Deployment cards than your opponent,None,None
Slippery Target,CC,Slippery Target,1,always,None,automatic,TRUE,None,a hostile figure enters an adjacent space,None,FALSE,Use when a hostile figure enters an adjacent space. Gain movement points equal to your Speed,gain_mp,reactive trigger not in legal window list
Smuggled Supplies,CC,Smuggled Supplies,1,start_of_activation,None,prompt,TRUE,None,None,None,FALSE,"Recover 2 Damage, apply +1 Surge to your attack results until end of round, or apply +1 Evade to your defense results until end of round",recover,None
Smuggler's Tricks,CC,Smuggler's Tricks,1,special_action,None,prompt,TRUE,your opponent's figures on or adjacent to the chosen tile or token,None,until start of next round,FALSE,"Choose a tile or token you are on or adjacent to. Until the start of the next round, your opponent counts as having 1 fewer figure on or adjacent to that tile or token",None,None
Sniper Configuration,CC,Sniper Configuration,1,special_action,None,prompt,TRUE,None,None,None,FALSE,Perform an attack. You may draw line of sight from any friendly figure but still measure range from this figure. Apply +2 Accuracy and Pierce 2 to the attack results,damage,None
Son of Skywalker,CC,Son of Skywalker,1,after_activation_resolves,None,automatic,TRUE,None,None,None,FALSE,"After a figure resolves an activation, ready your Deployment card",None,None
Spinning Kick,CC,Spinning Kick,1,attack:modifiers,attacker,automatic,TRUE,None,None,None,FALSE,This attack gains Cleave 1 and Cleave 2,damage,None
Squad Swarm,CC,Squad Swarm,1,after_activation_resolves,None,prompt,TRUE,None,combined cost of both groups cannot exceed 15,None,FALSE,Use after activating a group. You may immediately activate another ready group with the same name,None,None
Stall for Time,CC,Stall for Time,1,start_of_round,None,automatic,FALSE,your opponent,None,None,FALSE,Your opponent places 1 random Command card from his hand on top of his Command deck,cc_play,None
Static Pulse,CC,Static Pulse,1,special_action,None,prompt,TRUE,each hostile figure adjacent to a friendly 'Dio',None,None,FALSE,"For each hostile figure adjacent to a friendly 'Dio,' you may have that figure suffer 2 Strain or become Weakened. If 'Dio' is not in play, put 'Dio' into play in your space instead",strain;condition;companion_place,None
Stay Down,CC,Stay Down,1,attack:after_resolves,attacker,prompt,TRUE,the same attack target,the target was not defeated,None,FALSE,"Use after resolving Close and Personal. If the target was not defeated, perform an additional attack with the same target. Then, you become Stunned",damage;condition,None
Stealth Tactics,CC,Stealth Tactics,1,attack:on_declare,defender,automatic,TRUE,None,None,None,FALSE,Add 1 white die to your defense pool,None,adds a die to the pool -> on_declare (alexanbv 2026-06-16)
Still Faster Than You,CC,Still Faster Than You,1,start_of_hostile_activation,None,prompt,TRUE,a different hostile figure,None,None,FALSE,Use at the start of a hostile figure's activation to interrupt to move 2 spaces and perform an attack targeting a different hostile figure,move;damage,interrupts hostile figure activation
Stimulants,CC,Stimulants,1,during_activation,None,prompt,FALSE,an adjacent figure,None,None,FALSE,"An adjacent figure suffers 1 Damage, then gains 1 movement point and becomes Focused",damage;gain_mp;condition,None
Strategic Shift,CC,Strategic Shift,1,special_action,None,prompt,TRUE,a player of your choice,None,None,FALSE,"A player of your choice shuffles his hand of Command cards into his deck, then draws 2 cards",cc_draw,None
Strength in Numbers,CC,Strength in Numbers,1,after_activation_resolves,None,prompt,TRUE,None,combined deployment cost of these groups cannot exceed 12,None,FALSE,Use after you resolve a group's activation. You may immediately activate another group,None,None
Stroke of Brilliance,CC,Stroke of Brilliance,1,attack:modifiers,defender,automatic,TRUE,None,an attack targeting you is declared,None,FALSE,Apply +2 Block and +1 Evade to the defense results,None,None
Supercharge,CC,Supercharge,1,special_action,None,prompt,TRUE,None,None,None,FALSE,"Perform an attack. As you roll dice, add yellow dice to the attack pool until there are 4 attack dice total. After the attack resolves, you suffer Strain equal to the number of dice added this way",damage;strain,None
Support Specialist,CC,Support Specialist,1,special_action,None,prompt,TRUE,"a friendly DROID, TECHNICIAN, or TROOPER within 3 spaces",None,None,FALSE,"Choose a friendly DROID, TECHNICIAN, or TROOPER within 3 spaces. That figure interrupts to perform an action",None,None
Survival Instincts,CC,Survival Instincts,1,start_of_activation,None,automatic,TRUE,None,None,until end of round,FALSE,"Until the end of the round, apply +1 Block and +1 Evade to your defense results",None,None
Take it Down,CC,Take it Down,1,special_action,None,prompt,FALSE,an adjacent friendly figure,None,None,FALSE,Choose an adjacent friendly figure. That figure performs an attack. Apply +2 Hits to the attack results,damage,None
Take Position,CC,Take Position,1,during_activation,None,automatic,TRUE,None,except pushed by MASSIVE figures,during this round,FALSE,"During this round, apply +1 Block to your defense results and you cannot be pushed, except by MASSIVE figures",None,None
Targeting Network,CC,Targeting Network,1,attack:rerolls,attacker,prompt,TRUE,None,None,None,FALSE,Use while attacking to reroll 1 attack die,reroll,None
Targeting Network,CC,Targeting Network,2,always,None,prompt,TRUE,your DROIDS,None,None,TRUE,"Passive (Discard pile): While this card is in your discard pile, your DROIDS gain Surge: Re-draw this card",cc_draw,passive discard pile surge ability
Telekinetic Throw,CC,Telekinetic Throw,1,special_action,None,prompt,FALSE,a hostile figure in line of sight within 3 spaces,None,None,FALSE,Choose a hostile figure in your line of sight within 3 spaces. Roll 2 blue dice. That figure suffers Damage equal to the Hit results,damage,None
Terminal Network,CC,Terminal Network,1,special_action,None,prompt,TRUE,None,adjacent to a terminal,until start of next round,FALSE,"Until the start of the next round, you gain control of all terminals regardless of which figures are adjacent to them",None,None
Terminal Protocol,CC,Terminal Protocol,1,during_activation,None,prompt,FALSE,each other figure and object in or adjacent to your space,None,None,FALSE,Play during your activation,None,use timing
Terminal Protocol,CC,Terminal Protocol,2,during_activation,None,automatic,FALSE,each other figure and object in or adjacent to your space,None,None,FALSE,"Roll 1 green die; each other figure and object in or adjacent to your space suffers Damage equal to the Damage results, then you are defeated",damage,None
There is Another,CC,There is Another,1,start_of_round,None,prompt,TRUE,None,None,None,FALSE,Use at the start of a round; draw 1 Command card,cc_draw,use timing
There is Another,CC,There is Another,2,always,None,automatic,TRUE,None,you have another FORCE USER Deployment card in your army,only during this round,FALSE,During this round you may play Command cards whose restriction matches the name of another FORCE USER Deployment card in your army,cc_play,effect timing
There Is No Try,CC,There Is No Try,1,attack:modifiers,None,prompt,TRUE,a friendly REBEL FORCE USER within 4 spaces,a friendly REBEL FORCE USER within 4 spaces rolls any number of dice,None,FALSE,Choose one of those dice and turn it to any other side; on that die convert each Dodge result to 2 Blocks and 1 Evade,reroll,reactive dice-manipulation window
To the Limit,CC,To the Limit,1,special_action,None,prompt,TRUE,None,you resolved a Special Action during your activation,None,FALSE,"Use after you resolve a Special Action during your activation to perform 1 additional action, then you become Stunned",condition,None
Tools for the Job,CC,Tools for the Job,1,attack:on_declare,attacker,prompt,TRUE,None,None,None,FALSE,Use when you declare an attack to add 1 attack die of your choice to the attack pool,None,None
Tough Luck,CC,Tough Luck,1,attack:rerolls,None,prompt,FALSE,the opponent's figure,your opponent rerolls a die,None,FALSE,Use after your opponent rerolls a die; remove that die's result from the results,reroll,None
Toxic Dart,CC,Toxic Dart,1,during_activation,None,prompt,FALSE,a hostile figure within 3 spaces and in line of sight,target hostile figure within 3 spaces and in line of sight,None,FALSE,A hostile figure within 3 spaces and in line of sight suffers 1 Strain and becomes Weakened,strain;condition,None
Trandoshan Terror,CC,Trandoshan Terror,1,attack:on_declare,attacker,prompt,TRUE,None,"you declare ""Indiscriminate Fire""",None,FALSE,Use when you declare Indiscriminate Fire; add 1 yellow die to the dice pool,None,None
Transmit the Plans,CC,Transmit the Plans,1,special_action,None,prompt,TRUE,friendly figures,None,None,FALSE,Special Action: distribute 2 Hit Tokens among friendly figures,damage_token,None
Transmit the Plans,CC,Transmit the Plans,2,special_action,None,automatic,TRUE,None,you are adjacent to a terminal,None,FALSE,"If you are adjacent to a terminal, gain 2 VPs",vp,None
Triangulate,CC,Triangulate,1,special_action,None,prompt,TRUE,up to 3 friendly DROIDS,None,None,FALSE,Special Action: up to 3 friendly DROIDS each move up to 1 space,move,None
Triangulate,CC,Triangulate,2,special_action,None,prompt,FALSE,a hostile figure within 5 spaces and line of sight,a hostile figure within 5 spaces and line of sight,None,FALSE,Choose a hostile figure within 5 spaces and line of sight; it suffers Damage equal to the number of those friendly DROIDS who have line of sight to it,damage,None
Unlimited Power,CC,Unlimited Power,1,during_activation,None,prompt,FALSE,another friendly figure on the map,"you use ""Emperor""",None,FALSE,Use when you use Emperor; you may choose any other friendly figure on the map instead of another friendly figure within 4 spaces,None,modifies another ability
Utinni!,CC,Utinni!,1,start_of_round,None,prompt,TRUE,each friendly Jawa Scavenger,None,None,FALSE,Use at the start of a round; during this round each friendly Jawa Scavenger gains +1 Speed and +1 Accuracy,None,use timing
Utinni!,CC,Utinni!,2,spend_surges,attacker,prompt,TRUE,each friendly Jawa Scavenger,you are attacking a figure,only during this round,TRUE,"Surge: if you are attacking a figure, gain 1 VP",vp,granted surge ability
Vanish,CC,Vanish,1,special_action,None,prompt,TRUE,None,None,until your next activation,FALSE,Special Action: you cannot suffer Damage or receive conditions until your next activation,None,None
Vanish,CC,Vanish,2,start_of_activation,None,automatic,TRUE,None,None,None,FALSE,"At the start of your next activation, gain 4 movement points",gain_mp,effect timing
Veteran Instincts,CC,Veteran Instincts,1,during_activation,None,prompt,TRUE,None,None,None,FALSE,"Use during your activation to gain 1 Hit Token or Surge Token, then gain 1 Block Token or Evade Token",damage_token,None
Whistling Birds,CC,Whistling Birds,1,special_action,None,prompt,TRUE,None,None,None,FALSE,Special Action: move up to 2 spaces,move,None
Whistling Birds,CC,Whistling Birds,2,special_action,None,prompt,TRUE,up to 3 figures within 2 spaces,None,None,FALSE,Choose up to 3 figures within 2 spaces and roll 1 red die; each of those figures suffers Damage equal to the Hit results,damage,None
Wild Attack,CC,Wild Attack,1,attack:on_declare,attacker,prompt,TRUE,None,None,None,FALSE,Use when you declare an attack; add 1 red die to the attack pool and 1 white die to the defense pool,None,None
Wild Fire,CC,Wild Fire,1,attack:on_declare,attacker,prompt,TRUE,None,None,None,FALSE,Use when you declare an attack; remove up to 2 dice of your choice from the defense pool,None,None
Wild Fury,CC,Wild Fury,1,during_activation,None,prompt,TRUE,None,None,only during this activation,FALSE,Use during your activation; you become Focused and may perform multiple attacks during this activation,condition,None
Wild Fury,CC,Wild Fury,2,end_of_activation,None,automatic,TRUE,None,None,None,FALSE,"At the end of your activation, become Stunned and Bleeding",condition,effect timing
Windfall,CC,Windfall,1,during_activation,None,automatic,TRUE,None,a Command card is discarded from your hand or deck,None,FALSE,Use when a Command card is discarded from your hand or deck; gain VPs equal to that card's cost,vp,reactive window
Windfall,CC,Windfall,2,during_activation,None,automatic,TRUE,None,this card is discarded from your hand or deck,None,FALSE,"When this card is discarded from your hand or deck, gain 1 VP",vp,self-discard trigger
Worth Every Credit,CC,Worth Every Credit,1,during_activation,None,prompt,TRUE,None,you have a HARMFUL condition,None,FALSE,Use during your activation to discard 1 HARMFUL condition and gain 2 movement points,gain_mp;condition,None
Worth Every Credit,CC,Worth Every Credit,2,during_activation,None,automatic,TRUE,the next hostile figure defeated during this activation,a hostile figure is defeated during this activation,None,FALSE,"When the next hostile figure is defeated during this activation, gain 2 VPs",vp,effect timing
Wreak Vengeance,CC,Wreak Vengeance,1,during_activation,None,prompt,TRUE,None,"you use ""Dual-Bladed Fury""",None,FALSE,Use when you use Dual-Bladed Fury; you may choose both effects instead of only 1,None,modifies another ability
You Will Not Deny Me,CC,You Will Not Deny Me,1,always,None,automatic,TRUE,None,this card is discarded,None,FALSE,"When this card is discarded, place it on your Fifth Brother Deployment card",None,use timing
You Will Not Deny Me,CC,You Will Not Deny Me,2,always,None,automatic,TRUE,None,this card is on Fifth Brother's deployment card,None,FALSE,You ignore your Harmful conditions,None,passive — only while the card is up (alexanbv 2026-06-16)
You Will Not Deny Me,CC,You Will Not Deny Me,4,when_suffers_damage_equal_to_health,None,automatic,TRUE,None,this card is on Fifth Brother's deployment card,None,FALSE,You cannot be defeated,None,"defeat-prevention — only while card is up; removed via part 3 when any hostile defeated, then 5B can be defeated (alexanbv 2026-06-16)"
You Will Not Deny Me,CC,You Will Not Deny Me,3,when_defeated,None,automatic,TRUE,None,a hostile figure is defeated,None,FALSE,"When a hostile figure is defeated, recover 2 Damage and return this card to the game box",recover,trigger on hostile defeat
0-0-0,DC,Shocking Palm,1,spend_surges,attacker,prompt,FALSE,the attack target,None,None,TRUE,The attack misses and the defender becomes Stunned,condition,surge ability
4-LOM,DC,Concussive Bolt,1,spend_surges,attacker,prompt,FALSE,the target SMALL figure,targeting a SMALL figure and it did not miss,None,TRUE,"After this attack resolves, if you are targeting a SMALL figure and it did not miss, you may push that figure 1 space",push,surge ability
Agent Blaise,DC,Interrogate,1,spend_surges,attacker,prompt,TRUE,None,None,None,TRUE,Look at your opponent's hand and choose a Command card. You may discard a card of equal or greater cost from your hand to discard the chosen card,cc_discard,surge ability
Biv Bodhrik,DC,Suppression,1,spend_surges,attacker,automatic,FALSE,the target,"after resolving a Ranged attack, it did not miss due to accuracy",None,TRUE,"After resolving a Ranged attack, if it did not miss due to accuracy, the target suffers Strain equal to the number of targets Block, Evade, and Dodge results, to a maximum of 2",strain,surge ability
Cam Droid,Companion DC,Agitate,1,spend_surges,attacker,automatic,FALSE,the defending figure,if this attack does not miss,None,TRUE,"If this attack does not miss, the defending figure's group must be the next group to activate, if able",None,surge ability
Davith Elso,DC,Fell Swoop,1,spend_surges,attacker,prompt,TRUE,None,None,once per round,TRUE,"After this attack resolves, become Hidden, move up to 2 spaces, then perform an attack",condition;move,surge ability
Drokkatta,DC,Shrapnel,1,spend_surges,attacker,prompt,FALSE,each figure and object within 2 spaces of the target space,the attack did not miss (for the second option),None,TRUE,"Choose one: this attack gains Blast 2, or after this attack resolves, if it did not miss, each figure and object within 2 spaces of the target space suffers 1 Damage",damage,surge ability
Jawa Scavenger (Elite),DC,Bargain,1,spend_surges,attacker,prompt,TRUE,None,None,None,TRUE,"Spend 1 VP to roll 1 green die. For each Damage result, gain 1 VP",vp,surge ability
Jawa Scavenger (Regular),DC,Harass,1,spend_surges,attacker,automatic,FALSE,the defender,it did not miss,None,TRUE,"After the attack resolves, if it did not miss, the defender suffers 1 Strain",strain,surge ability
Kayn Somos,DC,Squad Command,1,spend_surges,attacker,prompt,FALSE,an adjacent friendly TROOPER,an adjacent friendly TROOPER exists,None,TRUE,Choose an adjacent friendly TROOPER; that figure becomes Focused,condition,surge ability
Leia Organa,DC,Military Efficiency,1,spend_surges,attacker,prompt,TRUE,None,None,None,TRUE,Choose 1 Command card in your discard pile and shuffle it into your Command deck,None,surge ability — requires a surge spent (no longer automatic) [CHANGED 2026-06-21 IACP update — does not match printed text]
Mak Eshka'rey,DC,Critical Hit,1,spend_surges,attacker,prompt,TRUE,the target figure,None,None,TRUE,"This attack gains Pierce 2; if the target suffered 1 or more Damage during this attack, it may not play command cards this round",None,surge ability
Maul,DC,Stalk Prey,1,spend_surges,attacker,prompt,TRUE,None,None,None,TRUE,"After this attack resolves, you gain 2 movement points and 1 Damage Token",gain_mp;damage_token,surge ability
Second Sister,DC,Mastery,1,spend_surges,attacker,prompt,TRUE,None,a FORCE USER Command card of cost 1 or less in your discard pile,once per round,TRUE,Choose and re-draw a FORCE USER Command card of cost 1 or less in your discard pile,cc_draw,surge ability
The Grand Inquisitor,DC,Deadly Spin,1,spend_surges,attacker,prompt,TRUE,the defender,None,None,TRUE,Apply -1 Dodge to the defense results; this attack gains Cleave 3,damage,surge ability
Verena Talos,DC,Fighting Knife,1,spend_surges,attacker,prompt,FALSE,an adjacent hostile figure,an adjacent hostile figure,None,TRUE,"After this attack resolves, choose an adjacent hostile figure and roll 1 red die; that figure suffers Damage equal to the Damage results",damage,surge ability
Zuckuss,DC,Stun Net,1,spend_surges,attacker,prompt,FALSE,the target,did not miss,None,TRUE,"After this attack resolves, if it did not miss, the target becomes Stunned",condition,surge ability
[Flame Trooper],Attachment,Priority Target,1,attack:on_declare,attacker,automatic,TRUE,None,None,None,FALSE,Figures do not block line of sight for this figure's attacks,None,passive keyword
[Flame Trooper],Attachment,Bleed,1,attack:after_resolves,attacker,automatic,TRUE,None,None,None,FALSE,"Bleed: if the attack does not miss, the target becomes Bleeding",condition,passive keyword
[Flame Trooper],Attachment,+2 Accuracy,1,attack:modifiers,attacker,automatic,TRUE,None,None,None,FALSE,Apply +2 Accuracy to the attack results,None,passive keyword
[Flame Trooper],Attachment,Pierce 1,1,attack:modifiers,attacker,automatic,TRUE,None,None,None,FALSE,Apply Pierce 1 to the attack results,None,passive keyword
[Mortar Trooper],Attachment,+1 Accuracy,1,attack:modifiers,attacker,automatic,TRUE,None,None,None,FALSE,Apply +1 Accuracy to the attack results,None,passive keyword [CHANGED 2026-06-21 IACP update — does not match printed text]
[Z-6 Trooper],Attachment,Blast 1,1,attack:after_resolves,attacker,automatic,TRUE,None,None,None,FALSE,"Blast 1: after the attack, deal 1 Damage to each figure adjacent to the target",damage,passive keyword
4-LOM,DC,+2 Accuracy,1,attack:modifiers,attacker,automatic,TRUE,None,None,None,FALSE,Apply +2 Accuracy to the attack results,None,passive keyword
Alliance Ranger (Elite),DC,Pierce 1,1,attack:modifiers,attacker,automatic,TRUE,None,None,None,FALSE,Apply Pierce 1 to the attack results,None,passive keyword
Alliance Ranger (Elite),DC,+1 Accuracy,1,attack:modifiers,attacker,automatic,TRUE,None,None,None,FALSE,Apply +1 Accuracy to the attack results,None,passive keyword
Alliance Ranger (Regular),DC,+1 Accuracy,1,attack:modifiers,attacker,automatic,TRUE,None,None,None,FALSE,Apply +1 Accuracy to the attack results,None,passive keyword
AT-DP,DC,Block 1,1,attack:modifiers,defender,automatic,TRUE,None,None,None,FALSE,Apply +1 Block to the defense results,None,passive keyword
AT-DP,DC,+3 Accuracy,1,attack:modifiers,attacker,automatic,TRUE,None,None,None,FALSE,Apply +3 Accuracy to the attack results,None,passive keyword
AT-RT,DC,Block 1,1,attack:modifiers,defender,automatic,TRUE,None,None,None,FALSE,Apply +1 Block to the defense results,None,passive keyword
AT-RT,DC,+2 Accuracy,1,attack:modifiers,attacker,automatic,TRUE,None,None,None,FALSE,Apply +2 Accuracy to the attack results,None,passive keyword
AT-ST,DC,+3 Accuracy,1,attack:modifiers,attacker,automatic,TRUE,None,None,None,FALSE,Apply +3 Accuracy to the attack results,None,passive keyword
Baze Malbus,DC,+2 Accuracy,1,attack:modifiers,attacker,automatic,TRUE,None,None,None,FALSE,Apply +2 Accuracy to the attack results,None,passive keyword
Bib Fortuna,DC,+1 Accuracy,1,attack:modifiers,attacker,automatic,TRUE,None,None,None,FALSE,Apply +1 Accuracy to the attack results,None,passive keyword
Biv Bodhrik,DC,Block 1,1,attack:modifiers,defender,automatic,TRUE,None,None,None,FALSE,Apply +1 Block to the defense results,None,passive keyword
Biv Bodhrik,DC,+2 Accuracy,1,attack:modifiers,attacker,automatic,TRUE,None,None,None,FALSE,Apply +2 Accuracy to the attack results,None,passive keyword
Bo-Katan Kryze,DC,+1 Accuracy,1,attack:modifiers,attacker,automatic,TRUE,None,None,None,FALSE,Apply +1 Accuracy to the attack results,None,passive keyword
Boba Fett,DC,Block 1,1,attack:modifiers,defender,automatic,TRUE,None,None,None,FALSE,Apply +1 Block to the defense results,None,passive keyword
Boba Fett,DC,+1 Evade,1,attack:modifiers,defender,automatic,TRUE,None,None,None,FALSE,Apply +1 Evade to the defense results,None,passive keyword
Bodhi Rook,DC,+1 Accuracy,1,attack:modifiers,attacker,automatic,TRUE,None,None,None,FALSE,Apply +1 Accuracy to the attack results,None,passive keyword
Bossk,DC,+2 Accuracy,1,attack:modifiers,attacker,automatic,TRUE,None,None,None,FALSE,Apply +2 Accuracy to the attack results,None,passive keyword
Bossk,DC,Block 1,1,attack:modifiers,defender,automatic,TRUE,None,None,None,FALSE,Apply +1 Block to the defense results,None,passive keyword
Bossk,DC,+2 Damage,1,attack:modifiers,attacker,automatic,TRUE,None,None,None,FALSE,Apply +2 Damage to the attack results,None,passive keyword
Cad Bane,DC,+2 Accuracy,1,attack:modifiers,attacker,automatic,TRUE,None,None,None,FALSE,Apply +2 Accuracy to the attack results,None,passive keyword
Cam Droid,Companion DC,+2 Accuracy,1,attack:modifiers,attacker,automatic,TRUE,None,None,None,FALSE,Apply +2 Accuracy to the attack results,None,passive keyword
Cam Droid,Companion DC,+1 Evade,1,attack:modifiers,defender,automatic,TRUE,None,None,None,FALSE,Apply +1 Evade to the defense results,None,passive keyword
Cara Dune,DC,+1 Accuracy,1,attack:modifiers,attacker,automatic,TRUE,None,None,None,FALSE,Apply +1 Accuracy to the attack results,None,passive keyword
Chirrut Imwe,DC,Reach,1,attack:on_declare,attacker,automatic,TRUE,None,None,None,FALSE,Reach: your melee attacks may target a figure up to 2 spaces away,None,passive keyword
Death Trooper (Elite),DC,+4 Accuracy,1,attack:modifiers,attacker,automatic,TRUE,None,None,None,FALSE,Apply +4 Accuracy to the attack results,None,passive keyword
Death Trooper (Regular),DC,+3 Accuracy,1,attack:modifiers,attacker,automatic,TRUE,None,None,None,FALSE,Apply +3 Accuracy to the attack results,None,passive keyword
Dengar,DC,Block 1,1,attack:modifiers,defender,automatic,TRUE,None,None,None,FALSE,Apply +1 Block to the defense results,None,passive keyword
Dewback Rider,DC,Professional,1,attack:rerolls,attacker,prompt,TRUE,None,None,None,FALSE,"While attacking, you may reroll 1 attack die",reroll,passive keyword
Director Krennic,DC,+1 Surge,1,attack:modifiers,attacker,automatic,TRUE,None,None,None,FALSE,Apply +1 Surge to the attack results,None,passive keyword
Drokkatta,DC,+1 Damage,1,attack:modifiers,attacker,automatic,TRUE,None,None,None,FALSE,Apply +1 Damage to the attack results,None,passive keyword
Drokkatta,DC,+1 Accuracy,1,attack:modifiers,attacker,automatic,TRUE,None,None,None,FALSE,Apply +1 Accuracy to the attack results,None,passive keyword
Drokkatta,DC,Block 1,1,attack:modifiers,defender,automatic,TRUE,None,None,None,FALSE,Apply +1 Block to the defense results,None,passive keyword
E-Web Engineer (Elite),DC,+2 Accuracy,1,attack:modifiers,attacker,automatic,TRUE,None,None,None,FALSE,Apply +2 Accuracy to the attack results,None,passive keyword
E-Web Engineer (Elite),DC,Block 1,1,attack:modifiers,defender,automatic,TRUE,None,None,None,FALSE,Apply +1 Block to the defense results,None,passive keyword
E-Web Engineer (Regular),DC,+3 Accuracy,1,attack:modifiers,attacker,automatic,TRUE,None,None,None,FALSE,Apply +3 Accuracy to the attack results,None,passive keyword
Emperor Palpatine,DC,Pierce 3,1,attack:modifiers,attacker,automatic,TRUE,None,None,None,FALSE,Apply Pierce 3 to the attack results,None,passive keyword
Ewok Warrior (Elite),DC,+2 Accuracy,1,attack:modifiers,attacker,automatic,TRUE,None,None,None,FALSE,Apply +2 Accuracy to the attack results,None,passive keyword
Ezra Bridger,DC,Block 1,1,attack:modifiers,defender,automatic,TRUE,None,None,None,FALSE,Apply +1 Block to the defense results,None,passive keyword
Fenn Signis,DC,+1 Accuracy,1,attack:modifiers,attacker,automatic,TRUE,None,None,None,FALSE,Apply +1 Accuracy to the attack results,None,passive keyword
Fenn Signis,DC,Pierce 1,1,attack:modifiers,attacker,automatic,TRUE,None,None,None,FALSE,Apply Pierce 1 to the attack results,None,passive keyword
Fennec Shand,DC,Block 1,1,attack:modifiers,defender,automatic,TRUE,None,None,None,FALSE,Apply +1 Block to the defense results,None,passive keyword
Fifth Brother,DC,Cleave 1,1,attack:after_resolves,attacker,automatic,TRUE,None,None,None,FALSE,"Cleave 1: after the attack, deal 1 Damage to a different figure adjacent to you",damage,passive keyword
Gaarkhan,DC,Reach,1,attack:on_declare,attacker,automatic,TRUE,None,None,None,FALSE,Reach: your melee attacks may target a figure up to 2 spaces away,None,passive keyword
Gaarkhan,DC,Bleed,1,attack:after_resolves,attacker,automatic,TRUE,None,None,None,FALSE,"Bleed: if the attack does not miss, the target becomes Bleeding",condition,passive keyword
Gaarkhan,DC,Block 1,1,attack:modifiers,defender,automatic,TRUE,None,None,None,FALSE,Apply +1 Block to the defense results,None,passive keyword
Gamorrean Guard (Elite),DC,Reach,1,attack:on_declare,attacker,automatic,TRUE,None,None,None,FALSE,Reach: your melee attacks may target a figure up to 2 spaces away,None,passive keyword
Gar Saxon,DC,+1 Damage,1,attack:modifiers,attacker,automatic,TRUE,None,None,None,FALSE,Apply +1 Damage to the attack results,None,passive keyword
General Weiss,DC,+2 Accuracy,1,attack:modifiers,attacker,automatic,TRUE,None,None,None,FALSE,Apply +2 Accuracy to the attack results,None,passive keyword
Greedo,DC,+1 Damage,1,attack:modifiers,attacker,automatic,TRUE,None,None,None,FALSE,Apply +1 Damage to the attack results,None,passive keyword
Greedo,DC,+1 Accuracy,1,attack:modifiers,attacker,automatic,TRUE,None,None,None,FALSE,Apply +1 Accuracy to the attack results,None,passive keyword
Heavy Stormtrooper (Elite),DC,+3 Accuracy,1,attack:modifiers,attacker,automatic,TRUE,None,None,None,FALSE,Apply +3 Accuracy to the attack results,None,passive keyword
Heavy Stormtrooper (Regular),DC,+2 Accuracy,1,attack:modifiers,attacker,automatic,TRUE,None,None,None,FALSE,Apply +2 Accuracy to the attack results,None,passive keyword
Hired Gun (Elite),DC,+2 Accuracy,1,attack:modifiers,attacker,automatic,TRUE,None,None,None,FALSE,Apply +2 Accuracy to the attack results,None,passive keyword
HK Assassin Droid (Elite),DC,Priority Target,1,attack:on_declare,attacker,automatic,TRUE,None,None,None,FALSE,Figures do not block line of sight for this figure's attacks,None,passive keyword
IG-11,DC,Block 1,1,attack:modifiers,defender,automatic,TRUE,None,None,None,FALSE,Apply +1 Block to the defense results,None,passive keyword
IG-88,DC,+2 Accuracy,1,attack:modifiers,attacker,automatic,TRUE,None,None,None,FALSE,Apply +2 Accuracy to the attack results,None,passive keyword
J4X-7,Companion DC,Pierce 1,1,attack:modifiers,attacker,automatic,TRUE,None,None,None,FALSE,Apply Pierce 1 to the attack results,None,passive keyword
Jarrod Kelvin,DC,+1 Damage,1,attack:modifiers,attacker,automatic,TRUE,None,None,None,FALSE,Apply +1 Damage to the attack results,None,passive keyword
Jarrod Kelvin,DC,+1 Evade,1,attack:modifiers,defender,automatic,TRUE,None,None,None,FALSE,Apply +1 Evade to the defense results,None,passive keyword
Jawa Scavenger (Elite),DC,+2 Accuracy,1,attack:modifiers,attacker,automatic,TRUE,None,None,None,FALSE,Apply +2 Accuracy to the attack results,None,passive keyword
Jawa Scavenger (Regular),DC,+2 Accuracy,1,attack:modifiers,attacker,automatic,TRUE,None,None,None,FALSE,Apply +2 Accuracy to the attack results,None,passive keyword
Junk Droid,Companion DC,+1 Damage,1,attack:modifiers,attacker,automatic,TRUE,None,None,None,FALSE,Apply +1 Damage to the attack results,None,passive keyword
Jyn Erso,DC,Pierce 1,1,attack:modifiers,attacker,automatic,TRUE,None,None,None,FALSE,Apply Pierce 1 to the attack results,None,passive keyword
Jyn Odan,DC,+1 Accuracy,1,attack:modifiers,attacker,automatic,TRUE,None,None,None,FALSE,Apply +1 Accuracy to the attack results,None,passive keyword
Jyn Odan,DC,+1 Damage,1,attack:modifiers,attacker,automatic,TRUE,None,None,None,FALSE,Apply +1 Damage to the attack results,None,passive keyword
K-2S0,DC,+2 Accuracy,1,attack:modifiers,attacker,automatic,TRUE,None,None,None,FALSE,Apply +2 Accuracy to the attack results,None,passive keyword
Ko-Tun Feralo,DC,Professional,1,attack:rerolls,attacker,prompt,TRUE,None,None,None,FALSE,"While attacking, you may reroll 1 attack die",reroll,passive keyword
Ko-Tun Feralo,DC,+3 Accuracy,1,attack:modifiers,attacker,automatic,TRUE,None,None,None,FALSE,Apply +3 Accuracy to the attack results,None,passive keyword
Krrsantan,DC,Bleed,1,attack:after_resolves,attacker,automatic,TRUE,None,None,None,FALSE,"Bleed: if the attack does not miss, the target becomes Bleeding",condition,passive keyword
Krrsantan,DC,Pierce 1,1,attack:modifiers,attacker,automatic,TRUE,None,None,None,FALSE,Apply Pierce 1 to the attack results,None,passive keyword
Leia Organa,DC,+1 Evade,1,attack:modifiers,defender,automatic,TRUE,None,None,None,FALSE,Apply +1 Evade to the defense results,None,passive keyword
Loku Kanoloa,DC,+4 Accuracy,1,attack:modifiers,attacker,automatic,TRUE,None,None,None,FALSE,Apply +4 Accuracy to the attack results,None,passive keyword
Loth-cat (Elite),DC,Pierce 1,1,attack:modifiers,attacker,automatic,TRUE,None,None,None,FALSE,Apply Pierce 1 to the attack results,None,passive keyword
Loth-cat (Regular),DC,Pierce 1,1,attack:modifiers,attacker,automatic,TRUE,None,None,None,FALSE,Apply Pierce 1 to the attack results,None,passive keyword
Luke Skywalker,DC,Block 1,1,attack:modifiers,defender,automatic,TRUE,None,None,None,FALSE,Apply +1 Block to the defense results,None,passive keyword
Luke Skywalker (Jedi Knight),DC,+1 Damage,1,attack:modifiers,attacker,automatic,TRUE,None,None,None,FALSE,Apply +1 Damage to the attack results,None,passive keyword
Luke Skywalker (Jedi Knight),DC,+1 Evade,1,attack:modifiers,defender,automatic,TRUE,None,None,None,FALSE,Apply +1 Evade to the defense results,None,passive keyword
Mak Eshka'rey,DC,Priority Target,1,attack:on_declare,attacker,automatic,TRUE,None,None,None,FALSE,Figures do not block line of sight for this figure's attacks,None,passive keyword
Mak Eshka'rey,DC,+1 Accuracy,1,attack:modifiers,attacker,automatic,TRUE,None,None,None,FALSE,Apply +1 Accuracy to the attack results,None,passive keyword
Maul,DC,+1 Damage,1,attack:modifiers,attacker,automatic,TRUE,None,None,None,FALSE,Apply +1 Damage to the attack results,None,passive keyword
Migs Mayfeld,DC,+1 Accuracy,1,attack:modifiers,attacker,automatic,TRUE,None,None,None,FALSE,Apply +1 Accuracy to the attack results,None,passive keyword
Moff Gideon,DC,Block 1,1,attack:modifiers,defender,automatic,TRUE,None,None,None,FALSE,Apply +1 Block to the defense results,None,passive keyword
Murne Rin,DC,+2 Accuracy,1,attack:modifiers,attacker,automatic,TRUE,None,None,None,FALSE,Apply +2 Accuracy to the attack results,None,passive keyword
Nexu (Elite),DC,Bleed,1,attack:after_resolves,attacker,automatic,TRUE,None,None,None,FALSE,"Bleed: if the attack does not miss, the target becomes Bleeding",condition,passive keyword
Nexu (Elite),DC,Cleave 2,1,attack:after_resolves,attacker,automatic,TRUE,None,None,None,FALSE,"Cleave 2: after the attack, deal 2 Damage to a different figure adjacent to you",damage,passive keyword
Nexu (Regular),DC,Bleed,1,attack:after_resolves,attacker,automatic,TRUE,None,None,None,FALSE,"Bleed: if the attack does not miss, the target becomes Bleeding",condition,passive keyword
Obi-Wan Kenobi,DC,+1 Evade,1,attack:modifiers,defender,automatic,TRUE,None,None,None,FALSE,Apply +1 Evade to the defense results,None,passive keyword
R2-D2,DC,+2 Accuracy,1,attack:modifiers,attacker,automatic,TRUE,None,None,None,FALSE,Apply +2 Accuracy to the attack results,None,passive keyword
R2-D2,DC,+1 Surge,1,attack:modifiers,attacker,automatic,TRUE,None,None,None,FALSE,Apply +1 Surge to the attack results,None,passive keyword
Rancor,DC,Reach,1,attack:on_declare,attacker,automatic,TRUE,None,None,None,FALSE,Reach: your melee attacks may target a figure up to 2 spaces away,None,passive keyword
Rancor,DC,Block 1,1,attack:modifiers,defender,automatic,TRUE,None,None,None,FALSE,Apply +1 Block to the defense results,None,passive keyword
Rebel Pathfinder (Elite),DC,+1 Accuracy,1,attack:modifiers,attacker,automatic,TRUE,None,None,None,FALSE,Apply +1 Accuracy to the attack results,None,passive keyword
Rebel Saboteur (Elite),DC,+4 Accuracy,1,attack:modifiers,attacker,automatic,TRUE,None,None,None,FALSE,Apply +4 Accuracy to the attack results,None,passive keyword
Rebel Saboteur (Regular),DC,+2 Accuracy,1,attack:modifiers,attacker,automatic,TRUE,None,None,None,FALSE,Apply +2 Accuracy to the attack results,None,passive keyword
Royal Guard (Elite),DC,Reach,1,attack:on_declare,attacker,automatic,TRUE,None,None,None,FALSE,Reach: your melee attacks may target a figure up to 2 spaces away,None,passive keyword
Royal Guard (Elite),DC,Pierce 1,1,attack:modifiers,attacker,automatic,TRUE,None,None,None,FALSE,Apply Pierce 1 to the attack results,None,passive keyword
Royal Guard (Regular),DC,Reach,1,attack:on_declare,attacker,automatic,TRUE,None,None,None,FALSE,Reach: your melee attacks may target a figure up to 2 spaces away,None,passive keyword
Royal Guard Champion,DC,Reach,1,attack:on_declare,attacker,automatic,TRUE,None,None,None,FALSE,Reach: your melee attacks may target a figure up to 2 spaces away,None,passive keyword
Saska Teft,DC,+2 Accuracy,1,attack:modifiers,attacker,automatic,TRUE,None,None,None,FALSE,Apply +2 Accuracy to the attack results,None,passive keyword
Saw Gerrerra,DC,+2 Accuracy,1,attack:modifiers,attacker,automatic,TRUE,None,None,None,FALSE,Apply +2 Accuracy to the attack results,None,passive keyword
Saw Gerrerra,DC,+1 Surge,1,attack:modifiers,attacker,automatic,TRUE,None,None,None,FALSE,Apply +1 Surge to the attack results,None,passive keyword
SC2-M Repulsor Tank,DC,+2 Accuracy,1,attack:modifiers,attacker,automatic,TRUE,None,None,None,FALSE,Apply +2 Accuracy to the attack results,None,passive keyword
Scout Trooper (Elite),DC,Professional,1,attack:rerolls,attacker,prompt,TRUE,None,None,None,FALSE,"While attacking, you may reroll 1 attack die",reroll,passive keyword
Scout Trooper (Elite),DC,+3 Accuracy,1,attack:modifiers,attacker,automatic,TRUE,None,None,None,FALSE,Apply +3 Accuracy to the attack results,None,passive keyword
Second Sister,DC,+1 Surge,1,attack:modifiers,attacker,automatic,TRUE,None,None,None,FALSE,Apply +1 Surge to the attack results,None,passive keyword
Shoretrooper (Elite),DC,+2 Accuracy,1,attack:modifiers,attacker,automatic,TRUE,None,None,None,FALSE,Apply +2 Accuracy to the attack results,None,passive keyword
Shyla Varad,DC,+1 Evade,1,attack:modifiers,defender,automatic,TRUE,None,None,None,FALSE,Apply +1 Evade to the defense results,None,passive keyword
Super Commando (Elite),DC,Professional,1,attack:rerolls,attacker,prompt,TRUE,None,None,None,FALSE,"While attacking, you may reroll 1 attack die",reroll,passive keyword
Super Commando (Elite),DC,+2 Accuracy,1,attack:modifiers,attacker,automatic,TRUE,None,None,None,FALSE,Apply +2 Accuracy to the attack results,None,passive keyword
Super Commando (Elite),DC,Pierce 1,1,attack:modifiers,attacker,automatic,TRUE,None,None,None,FALSE,Apply Pierce 1 to the attack results,None,passive keyword
Tauntaun Rider,DC,Pierce 1,1,attack:modifiers,attacker,automatic,TRUE,None,None,None,FALSE,Apply Pierce 1 to the attack results,None,passive keyword
Taron Malicos,DC,+1 Surge,1,attack:modifiers,attacker,automatic,TRUE,None,None,None,FALSE,Apply +1 Surge to the attack results,None,passive keyword
Thrawn,DC,+2 Accuracy,1,attack:modifiers,attacker,automatic,TRUE,None,None,None,FALSE,Apply +2 Accuracy to the attack results,None,passive keyword
Tusken Raider (Elite),DC,+1 Damage,1,attack:modifiers,attacker,automatic,TRUE,None,None,None,FALSE,Apply +1 Damage to the attack results,None,passive keyword
Verena Talos,DC,+1 Evade,1,attack:modifiers,defender,automatic,TRUE,None,None,None,FALSE,Apply +1 Evade to the defense results,None,passive keyword
Wampa (Elite),DC,Reach,1,attack:on_declare,attacker,automatic,TRUE,None,None,None,FALSE,Reach: your melee attacks may target a figure up to 2 spaces away,None,passive keyword
Wampa (Elite),DC,+2 Damage,1,attack:modifiers,attacker,automatic,TRUE,None,None,None,FALSE,Apply +2 Damage to the attack results,None,passive keyword
Wampa (Regular),DC,+1 Damage,1,attack:modifiers,attacker,automatic,TRUE,None,None,None,FALSE,Apply +1 Damage to the attack results,None,passive keyword
Weequay Pirate (Elite),DC,+2 Accuracy,1,attack:modifiers,attacker,automatic,TRUE,None,None,None,FALSE,Apply +2 Accuracy to the attack results,None,passive keyword
Weequay Pirate (Regular),DC,+1 Accuracy,1,attack:modifiers,attacker,automatic,TRUE,None,None,None,FALSE,Apply +1 Accuracy to the attack results,None,passive keyword
Zeb Orrelios,DC,+3 Accuracy,1,attack:modifiers,attacker,automatic,TRUE,None,None,None,FALSE,Apply +3 Accuracy to the attack results,None,passive keyword
Zuckuss,DC,+2 Accuracy,1,attack:modifiers,attacker,automatic,TRUE,None,None,None,FALSE,Apply +2 Accuracy to the attack results,None,passive keyword
74-Z Speeder Bike (Elite),DC,Surge: +2 Damage,1,spend_surges,attacker,prompt,TRUE,None,None,None,TRUE,Spend 1 surge: +2 Damage,None,surge ability
74-Z Speeder Bike (Elite),DC,Surge: gain 1 Evade token,1,spend_surges,attacker,prompt,TRUE,None,None,None,TRUE,Spend 1 surge: gain 1 Evade token,None,surge ability
74-Z Speeder Bike (Elite),DC,Efficient Travel,1,always,None,automatic,TRUE,None,None,None,FALSE,"Efficient Travel: while moving, you ignore additional movement-point costs for hostile figures and difficult terrain",movement,movement keyword
[Flame Trooper],Attachment,Surge: +2 Damage,1,spend_surges,attacker,prompt,TRUE,None,None,None,TRUE,Spend 1 surge: +2 Damage,None,surge ability
[Flame Trooper],Attachment,Surge: Blast 1,1,spend_surges,attacker,prompt,TRUE,None,None,None,TRUE,Spend 1 surge: Blast 1 (applies after the attack resolves),damage,surge ability
[Mortar Trooper],Attachment,Surge: +2 Accuracy,1,spend_surges,attacker,prompt,TRUE,None,None,None,TRUE,Spend 1 surge: +2 Accuracy,None,surge ability [CHANGED 2026-06-21 IACP update — does not match printed text]
[Mortar Trooper],Attachment,Surge: +2 Damage,1,spend_surges,attacker,prompt,TRUE,None,None,None,TRUE,Spend 1 surge: +2 Damage,None,surge ability [CHANGED 2026-06-21 IACP update — does not match printed text]
[Z-6 Trooper],Attachment,Surge: +2 Damage,1,spend_surges,attacker,prompt,TRUE,None,None,None,TRUE,Spend 1 surge: +2 Damage,None,surge ability
[Z-6 Trooper],Attachment,"Surge: +2 Accuracy, Pierce 1",1,spend_surges,attacker,prompt,TRUE,None,None,None,TRUE,Spend 1 surge: +2 Accuracy and Pierce 1,None,surge ability
0-0-0,DC,Surge: Pierce 2,1,spend_surges,attacker,prompt,TRUE,None,None,None,TRUE,Spend 1 surge: Pierce 2,None,surge ability
0-0-0,DC,Surge: Recover 2,1,spend_surges,attacker,prompt,TRUE,None,None,None,TRUE,Spend 1 surge: Recover 2 (applies after the attack resolves),recover,surge ability
4-LOM,DC,Surge: Blast 1,1,spend_surges,attacker,prompt,TRUE,None,None,None,TRUE,Spend 1 surge: Blast 1 (applies after the attack resolves),damage,surge ability
4-LOM,DC,Surge: the target becomes Weakened,1,spend_surges,attacker,prompt,TRUE,None,None,None,TRUE,Spend 1 surge: the target becomes Weakened (applies after the attack resolves),condition,surge ability
4-LOM,DC,"Surge: +1 Damage, +1 Accuracy",1,spend_surges,attacker,prompt,TRUE,None,None,None,TRUE,Spend 1 surge: +1 Damage and +1 Accuracy,None,surge ability
Agent Blaise,DC,Surge: +3 Accuracy,1,spend_surges,attacker,prompt,TRUE,None,None,None,TRUE,Spend 1 surge: +3 Accuracy,None,surge ability
Agent Blaise,DC,Surge: Pierce 2,1,spend_surges,attacker,prompt,TRUE,None,None,None,TRUE,Spend 1 surge: Pierce 2,None,surge ability
Agent Blaise,DC,Surge: +1 Damage,1,spend_surges,attacker,prompt,TRUE,None,None,None,TRUE,Spend 1 surge: +1 Damage,None,surge ability
Agent Kallus,DC,"Surge: the target becomes Weakened, you become Focused",1,spend_surges,attacker,prompt,TRUE,None,None,None,TRUE,Spend 1 surge: the target becomes Weakened and you become Focused (applies after the attack resolves),condition,surge ability
Agent Kallus,DC,Surge: +2 Accuracy,1,spend_surges,attacker,prompt,TRUE,None,None,None,TRUE,Spend 1 surge: +2 Accuracy,None,surge ability
Agent Kallus,DC,Surge: Pierce 2,1,spend_surges,attacker,prompt,TRUE,None,None,None,TRUE,Spend 1 surge: Pierce 2,None,surge ability
Ahsoka Tano,DC,Surge: Pierce 3,1,spend_surges,attacker,prompt,TRUE,None,None,None,TRUE,Spend 1 surge: Pierce 3,None,surge ability
Ahsoka Tano,DC,Surge: +2 Damage,1,spend_surges,attacker,prompt,TRUE,None,None,None,TRUE,Spend 1 surge: +2 Damage,None,surge ability
Ahsoka Tano,DC,Surge: gain 1 Hit token,1,spend_surges,attacker,prompt,TRUE,None,None,None,TRUE,Spend 1 surge: gain 1 Hit token,None,surge ability
Alliance Ranger (Elite),DC,Surge: Pierce 1,1,spend_surges,attacker,prompt,TRUE,None,None,None,TRUE,Spend 1 surge: Pierce 1,None,surge ability
Alliance Ranger (Elite),DC,Surge: +2 Damage,1,spend_surges,attacker,prompt,TRUE,None,None,None,TRUE,Spend 1 surge: +2 Damage,None,surge ability
Alliance Ranger (Elite),DC,Surge: +3 Accuracy,1,spend_surges,attacker,prompt,TRUE,None,None,None,TRUE,Spend 1 surge: +3 Accuracy,None,surge ability
Alliance Ranger (Regular),DC,Surge: Pierce 1,1,spend_surges,attacker,prompt,TRUE,None,None,None,TRUE,Spend 1 surge: Pierce 1,None,surge ability
Alliance Ranger (Regular),DC,Surge: +2 Damage,1,spend_surges,attacker,prompt,TRUE,None,None,None,TRUE,Spend 1 surge: +2 Damage,None,surge ability
Alliance Ranger (Regular),DC,Surge: +2 Accuracy,1,spend_surges,attacker,prompt,TRUE,None,None,None,TRUE,Spend 1 surge: +2 Accuracy,None,surge ability
Alliance Smuggler (Elite),DC,Surge: the target becomes Stunned,1,spend_surges,attacker,prompt,TRUE,None,None,None,TRUE,Spend 1 surge: the target becomes Stunned (applies after the attack resolves),condition,surge ability
Alliance Smuggler (Elite),DC,Surge: you become Focused,1,spend_surges,attacker,prompt,TRUE,None,None,None,TRUE,Spend 1 surge: you become Focused (applies after the attack resolves),condition,surge ability
Alliance Smuggler (Elite),DC,Surge: +3 Accuracy,1,spend_surges,attacker,prompt,TRUE,None,None,None,TRUE,Spend 1 surge: +3 Accuracy,None,surge ability
Alliance Smuggler (Elite),DC,Surge: Pierce 2,1,spend_surges,attacker,prompt,TRUE,None,None,None,TRUE,Spend 1 surge: Pierce 2,None,surge ability
Alliance Smuggler (Regular),DC,Surge: the target becomes Stunned,1,spend_surges,attacker,prompt,TRUE,None,None,None,TRUE,Spend 1 surge: the target becomes Stunned (applies after the attack resolves),condition,surge ability
Alliance Smuggler (Regular),DC,Surge: Pierce 1,1,spend_surges,attacker,prompt,TRUE,None,None,None,TRUE,Spend 1 surge: Pierce 1,None,surge ability
Alliance Smuggler (Regular),DC,Surge: +2 Accuracy,1,spend_surges,attacker,prompt,TRUE,None,None,None,TRUE,Spend 1 surge: +2 Accuracy,None,surge ability
AT-DP,DC,Surge: Pierce 2,1,spend_surges,attacker,prompt,TRUE,None,None,None,TRUE,Spend 1 surge: Pierce 2,None,surge ability
AT-DP,DC,Massive,1,always,None,automatic,TRUE,None,None,None,FALSE,"Massive: this figure moves through other figures and may end its movement on them, pushing them aside",movement,movement keyword
AT-RT,DC,Surge: +2 Damage,1,spend_surges,attacker,prompt,TRUE,None,None,None,TRUE,Spend 1 surge: +2 Damage,None,surge ability
AT-RT,DC,Surge: Pierce 2,1,spend_surges,attacker,prompt,TRUE,None,None,None,TRUE,Spend 1 surge: Pierce 2,None,surge ability
AT-ST,DC,Surge: Blast 2,1,spend_surges,attacker,prompt,TRUE,None,None,None,TRUE,Spend 1 surge: Blast 2 (applies after the attack resolves),damage,surge ability
AT-ST,DC,Surge: Pierce 2,1,spend_surges,attacker,prompt,TRUE,None,None,None,TRUE,Spend 1 surge: Pierce 2,None,surge ability
AT-ST,DC,Massive,1,always,None,automatic,TRUE,None,None,None,FALSE,"Massive: this figure moves through other figures and may end its movement on them, pushing them aside",movement,movement keyword
Bantha Rider,DC,Surge: +2 Accuracy,1,spend_surges,attacker,prompt,TRUE,None,None,None,TRUE,Spend 1 surge: +2 Accuracy,None,surge ability
Bantha Rider,DC,Surge: Pierce 2,1,spend_surges,attacker,prompt,TRUE,None,None,None,TRUE,Spend 1 surge: Pierce 2,None,surge ability
Bantha Rider,DC,Massive,1,always,None,automatic,TRUE,None,None,None,FALSE,"Massive: this figure moves through other figures and may end its movement on them, pushing them aside",movement,movement keyword
Baze Malbus,DC,"Surge: +1 Damage, Cleave 1",1,spend_surges,attacker,prompt,TRUE,None,None,None,TRUE,Spend 1 surge: +1 Damage and Cleave 1 (applies after the attack resolves),damage,surge ability
Baze Malbus,DC,"Surge: Blast 1, Cleave 1",1,spend_surges,attacker,prompt,TRUE,None,None,None,TRUE,Spend 1 surge: Blast 1 and Cleave 1 (applies after the attack resolves),damage,surge ability
Bib Fortuna,DC,Surge: +2 Damage,1,spend_surges,attacker,prompt,TRUE,None,None,None,TRUE,Spend 1 surge: +2 Damage,None,surge ability
Bib Fortuna,DC,"Surge: +1 Accuracy, Pierce 1",1,spend_surges,attacker,prompt,TRUE,None,None,None,TRUE,Spend 1 surge: +1 Accuracy and Pierce 1,None,surge ability
Biv Bodhrik,DC,Surge: +2 Damage,1,spend_surges,attacker,prompt,TRUE,None,None,None,TRUE,Spend 1 surge: +2 Damage,None,surge ability
Biv Bodhrik,DC,Surge: Blast 1,1,spend_surges,attacker,prompt,TRUE,None,None,None,TRUE,Spend 1 surge: Blast 1 (applies after the attack resolves),damage,surge ability
Bo-Katan Kryze,DC,Surge: +3 Damage,1,spend_surges,attacker,prompt,TRUE,None,None,None,TRUE,Spend 1 surge: +3 Damage,None,surge ability
Bo-Katan Kryze,DC,Surge: +2 Accuracy,1,spend_surges,attacker,prompt,TRUE,None,None,None,TRUE,Spend 1 surge: +2 Accuracy,None,surge ability
Bo-Katan Kryze,DC,"Surge: Pierce 1, you become Hidden",1,spend_surges,attacker,prompt,TRUE,None,None,None,TRUE,Spend 1 surge: Pierce 1 and you become Hidden (applies after the attack resolves),condition,surge ability
Bo-Katan Kryze,DC,Mobile,1,always,None,automatic,TRUE,None,None,None,FALSE,Mobile: this figure does not spend extra movement points for difficult terrain and may move through hostile figures,movement,movement keyword
Boba Fett,DC,Surge: Pierce 1,1,spend_surges,attacker,prompt,TRUE,None,None,None,TRUE,Spend 1 surge: Pierce 1,None,surge ability
Boba Fett,DC,Surge: +2 Damage,1,spend_surges,attacker,prompt,TRUE,None,None,None,TRUE,Spend 1 surge: +2 Damage,None,surge ability
Bodhi Rook,DC,Surge: +2 Accuracy,1,spend_surges,attacker,prompt,TRUE,None,None,None,TRUE,Spend 1 surge: +2 Accuracy,None,surge ability
Bodhi Rook,DC,Surge: +1 Damage,1,spend_surges,attacker,prompt,TRUE,None,None,None,TRUE,Spend 1 surge: +1 Damage,None,surge ability
Bodhi Rook,DC,Surge: gain 1 Damage token,1,spend_surges,attacker,prompt,TRUE,None,None,None,TRUE,Spend 1 surge: gain 1 Damage token,damage_token,surge ability
Bossk,DC,Surge: Pierce 2,1,spend_surges,attacker,prompt,TRUE,None,None,None,TRUE,Spend 1 surge: Pierce 2,None,surge ability
BT-1,DC,Surge: Blast 1,1,spend_surges,attacker,prompt,TRUE,None,None,None,TRUE,Spend 1 surge: Blast 1 (applies after the attack resolves),damage,surge ability
BT-1,DC,Surge: Pierce 2,1,spend_surges,attacker,prompt,TRUE,None,None,None,TRUE,Spend 1 surge: Pierce 2,None,surge ability
BT-1,DC,Surge: Recover 1,1,spend_surges,attacker,prompt,TRUE,None,None,None,TRUE,Spend 1 surge: Recover 1 (applies after the attack resolves),recover,surge ability
"C1-10P ""Chopper""",DC,Surge: Pierce 2,1,spend_surges,attacker,prompt,TRUE,None,None,None,TRUE,Spend 1 surge: Pierce 2,None,surge ability
"C1-10P ""Chopper""",DC,Surge: Recover 2,1,spend_surges,attacker,prompt,TRUE,None,None,None,TRUE,Spend 1 surge: Recover 2 (applies after the attack resolves),recover,surge ability
Cad Bane,DC,Surge: Recover 1,1,spend_surges,attacker,prompt,TRUE,None,None,None,TRUE,Spend 1 surge: Recover 1 (applies after the attack resolves),recover,surge ability
Cad Bane,DC,Mobile,1,always,None,automatic,TRUE,None,None,None,FALSE,Mobile: this figure does not spend extra movement points for difficult terrain and may move through hostile figures,movement,movement keyword
Cal Kestis,DC,Surge: +2 Damage,1,spend_surges,attacker,prompt,TRUE,None,None,None,TRUE,Spend 1 surge: +2 Damage,None,surge ability
Cal Kestis,DC,Surge: Cleave 2,1,spend_surges,attacker,prompt,TRUE,None,None,None,TRUE,Spend 1 surge: Cleave 2 (applies after the attack resolves),damage,surge ability
Cal Kestis,DC,Surge: Pierce 3,1,spend_surges,attacker,prompt,TRUE,None,None,None,TRUE,Spend 1 surge: Pierce 3,None,surge ability
Captain Terro,DC,Surge: +2 Damage,1,spend_surges,attacker,prompt,TRUE,None,None,None,TRUE,Spend 1 surge: +2 Damage,None,surge ability
Captain Terro,DC,Surge: Pierce 2,1,spend_surges,attacker,prompt,TRUE,None,None,None,TRUE,Spend 1 surge: Pierce 2,None,surge ability
Cara Dune,DC,Surge: +2 Damage,1,spend_surges,attacker,prompt,TRUE,None,None,None,TRUE,Spend 1 surge: +2 Damage,None,surge ability
Cara Dune,DC,Surge: Blast 2,1,spend_surges,attacker,prompt,TRUE,None,None,None,TRUE,Spend 1 surge: Blast 2 (applies after the attack resolves),damage,surge ability
Cassian Andor,DC,Surge: +2 Damage,1,spend_surges,attacker,prompt,TRUE,None,None,None,TRUE,Spend 1 surge: +2 Damage,None,surge ability
Cassian Andor,DC,Surge: +2 Accuracy,1,spend_surges,attacker,prompt,TRUE,None,None,None,TRUE,Spend 1 surge: +2 Accuracy,None,surge ability
Cassian Andor,DC,Surge: gain 2 Damage token,1,spend_surges,attacker,prompt,TRUE,None,None,None,TRUE,Spend 1 surge: gain 2 Damage token,damage_token,surge ability
Chewbacca,DC,Surge: +2 Damage,1,spend_surges,attacker,prompt,TRUE,None,None,None,TRUE,Spend 1 surge: +2 Damage,None,surge ability
Chewbacca,DC,Surge: the target becomes Stunned,1,spend_surges,attacker,prompt,TRUE,None,None,None,TRUE,Spend 1 surge: the target becomes Stunned (applies after the attack resolves),condition,surge ability
Chewbacca,DC,Surge: +2 Accuracy,1,spend_surges,attacker,prompt,TRUE,None,None,None,TRUE,Spend 1 surge: +2 Accuracy,None,surge ability
Chirrut Imwe,DC,Surge: +2 Damage,1,spend_surges,attacker,prompt,TRUE,None,None,None,TRUE,Spend 1 surge: +2 Damage,None,surge ability
Chirrut Imwe,DC,Surge: Cleave 1,1,spend_surges,attacker,prompt,TRUE,None,None,None,TRUE,Spend 1 surge: Cleave 1 (applies after the attack resolves),damage,surge ability
CT-1701,DC,Surge: +1 Damage,1,spend_surges,attacker,prompt,TRUE,None,None,None,TRUE,Spend 1 surge: +1 Damage,None,surge ability
CT-1701,DC,Surge: gain 1 Hit token,1,spend_surges,attacker,prompt,TRUE,None,None,None,TRUE,Spend 1 surge: gain 1 Hit token,None,surge ability
CT-1701,DC,"Surge: +2 Accuracy, the target becomes Weakened",1,spend_surges,attacker,prompt,TRUE,None,None,None,TRUE,Spend 1 surge: +2 Accuracy and the target becomes Weakened (applies after the attack resolves),condition,surge ability
Dark Trooper Mk III,DC,Surge: +2 Damage,1,spend_surges,attacker,prompt,TRUE,None,None,None,TRUE,Spend 1 surge: +2 Damage,None,surge ability
Dark Trooper Mk III,DC,"Surge: +2 Accuracy, Pierce 1",1,spend_surges,attacker,prompt,TRUE,None,None,None,TRUE,Spend 1 surge: +2 Accuracy and Pierce 1,None,surge ability
Darth Vader,DC,Surge: +2 Damage,1,spend_surges,attacker,prompt,TRUE,None,None,None,TRUE,Spend 1 surge: +2 Damage,None,surge ability
Darth Vader,DC,Surge: Pierce 3,1,spend_surges,attacker,prompt,TRUE,None,None,None,TRUE,Spend 1 surge: Pierce 3,None,surge ability
Davith Elso,DC,"Surge: +2 Damage, you become Hidden",1,spend_surges,attacker,prompt,TRUE,None,None,None,TRUE,Spend 1 surge: +2 Damage and you become Hidden (applies after the attack resolves),condition,surge ability
Davith Elso,DC,Surge: Pierce 3,1,spend_surges,attacker,prompt,TRUE,None,None,None,TRUE,Spend 1 surge: Pierce 3,None,surge ability
Death Trooper (Elite),DC,Surge: +2 Damage,1,spend_surges,attacker,prompt,TRUE,None,None,None,TRUE,Spend 1 surge: +2 Damage,None,surge ability
Death Trooper (Elite),DC,"Surge: +2 Accuracy, Pierce 1",1,spend_surges,attacker,prompt,TRUE,None,None,None,TRUE,Spend 1 surge: +2 Accuracy and Pierce 1,None,surge ability
Death Trooper (Regular),DC,Surge: +1 Damage,1,spend_surges,attacker,prompt,TRUE,None,None,None,TRUE,Spend 1 surge: +1 Damage,None,surge ability
Death Trooper (Regular),DC,"Surge: +2 Accuracy, Pierce 1",1,spend_surges,attacker,prompt,TRUE,None,None,None,TRUE,Spend 1 surge: +2 Accuracy and Pierce 1,None,surge ability
Del Meeko,DC,Surge: +2 Damage,1,spend_surges,attacker,prompt,TRUE,None,None,None,TRUE,Spend 1 surge: +2 Damage,None,surge ability
Del Meeko,DC,Surge: +2 Accuracy,1,spend_surges,attacker,prompt,TRUE,None,None,None,TRUE,Spend 1 surge: +2 Accuracy,None,surge ability
Dengar,DC,Surge: +2 Accuracy,1,spend_surges,attacker,prompt,TRUE,None,None,None,TRUE,Spend 1 surge: +2 Accuracy,None,surge ability
Dengar,DC,Surge: +2 Damage,1,spend_surges,attacker,prompt,TRUE,None,None,None,TRUE,Spend 1 surge: +2 Damage,None,surge ability
Dewback Rider,DC,"Surge: +1 Damage, Pierce 1",1,spend_surges,attacker,prompt,TRUE,None,None,None,TRUE,Spend 1 surge: +1 Damage and Pierce 1,None,surge ability
Dewback Rider,DC,Surge: +1 Damage,1,spend_surges,attacker,prompt,TRUE,None,None,None,TRUE,Spend 1 surge: +1 Damage,None,surge ability
Dewback Rider,DC,Surge: Pierce 1,1,spend_surges,attacker,prompt,TRUE,None,None,None,TRUE,Spend 1 surge: Pierce 1,None,surge ability
Dewback Rider,DC,Efficient Travel,1,always,None,automatic,TRUE,None,None,None,FALSE,"Efficient Travel: while moving, you ignore additional movement-point costs for hostile figures and difficult terrain",movement,movement keyword
Diala Passil,DC,Surge: Pierce 3,1,spend_surges,attacker,prompt,TRUE,None,None,None,TRUE,Spend 1 surge: Pierce 3,None,surge ability
Diala Passil,DC,Surge: +2 Damage,1,spend_surges,attacker,prompt,TRUE,None,None,None,TRUE,Spend 1 surge: +2 Damage,None,surge ability
Diala Passil,DC,Surge: Cleave 2,1,spend_surges,attacker,prompt,TRUE,None,None,None,TRUE,Spend 1 surge: Cleave 2 (applies after the attack resolves),damage,surge ability
Dio,Companion DC,"Surge: +1 Damage, the target becomes Stunned",1,spend_surges,attacker,prompt,TRUE,None,None,None,TRUE,Spend 1 surge: +1 Damage and the target becomes Stunned (applies after the attack resolves),condition,surge ability
Dio,Companion DC,"Surge: +1 Damage, +2 Accuracy",1,spend_surges,attacker,prompt,TRUE,None,None,None,TRUE,Spend 1 surge: +1 Damage and +2 Accuracy,None,surge ability
Dio,Companion DC,Mobile,1,always,None,automatic,TRUE,None,None,None,FALSE,Mobile: this figure does not spend extra movement points for difficult terrain and may move through hostile figures,movement,movement keyword
Director Krennic,DC,"Surge: +2 Damage, +1 Accuracy",1,spend_surges,attacker,prompt,TRUE,None,None,None,TRUE,Spend 1 surge: +2 Damage and +1 Accuracy,None,surge ability
Director Krennic,DC,Surge: Pierce 1,1,spend_surges,attacker,prompt,TRUE,None,None,None,TRUE,Spend 1 surge: Pierce 1,None,surge ability
Doctor Aphra,DC,Surge: +2 Accuracy,1,spend_surges,attacker,prompt,TRUE,None,None,None,TRUE,Spend 1 surge: +2 Accuracy,None,surge ability
Doctor Aphra,DC,Surge: Pierce 1,1,spend_surges,attacker,prompt,TRUE,None,None,None,TRUE,Spend 1 surge: Pierce 1,None,surge ability
Dr. Royce Hemlock,DC,Surge: you become Focused,1,spend_surges,attacker,prompt,TRUE,None,None,None,TRUE,Spend 1 surge: you become Focused (applies after the attack resolves),condition,surge ability
Dr. Royce Hemlock,DC,Surge: +1 Damage,1,spend_surges,attacker,prompt,TRUE,None,None,None,TRUE,Spend 1 surge: +1 Damage,None,surge ability
Dr. Royce Hemlock,DC,Surge: +3 Accuracy,1,spend_surges,attacker,prompt,TRUE,None,None,None,TRUE,Spend 1 surge: +3 Accuracy,None,surge ability
Drokkatta,DC,Surge: +2 Damage,1,spend_surges,attacker,prompt,TRUE,None,None,None,TRUE,Spend 1 surge: +2 Damage,None,surge ability
E-Web Engineer (Elite),DC,Surge: +2 Damage,1,spend_surges,attacker,prompt,TRUE,None,None,None,TRUE,Spend 1 surge: +2 Damage,None,surge ability
E-Web Engineer (Elite),DC,Surge: +2 Accuracy,1,spend_surges,attacker,prompt,TRUE,None,None,None,TRUE,Spend 1 surge: +2 Accuracy,None,surge ability
E-Web Engineer (Elite),DC,Surge: Recover 2,1,spend_surges,attacker,prompt,TRUE,None,None,None,TRUE,Spend 1 surge: Recover 2 (applies after the attack resolves),recover,surge ability
E-Web Engineer (Regular),DC,Surge: Recover 2,1,spend_surges,attacker,prompt,TRUE,None,None,None,TRUE,Spend 1 surge: Recover 2 (applies after the attack resolves),recover,surge ability
E-Web Engineer (Regular),DC,Surge: +1 Damage,1,spend_surges,attacker,prompt,TRUE,None,None,None,TRUE,Spend 1 surge: +1 Damage,None,surge ability
Echo Base Trooper (Elite),DC,Surge: +2 Damage,1,spend_surges,attacker,prompt,TRUE,None,None,None,TRUE,Spend 1 surge: +2 Damage,None,surge ability
Echo Base Trooper (Elite),DC,"Surge: +2 Accuracy, Pierce 1",1,spend_surges,attacker,prompt,TRUE,None,None,None,TRUE,Spend 1 surge: +2 Accuracy and Pierce 1,None,surge ability
Echo Base Trooper (Elite),DC,Efficient Travel,1,always,None,automatic,TRUE,None,None,None,FALSE,"Efficient Travel: while moving, you ignore additional movement-point costs for hostile figures and difficult terrain",movement,movement keyword
Echo Base Trooper (Regular),DC,Surge: +1 Damage,1,spend_surges,attacker,prompt,TRUE,None,None,None,TRUE,Spend 1 surge: +1 Damage,None,surge ability
Echo Base Trooper (Regular),DC,Surge: +2 Accuracy,1,spend_surges,attacker,prompt,TRUE,None,None,None,TRUE,Spend 1 surge: +2 Accuracy,None,surge ability
Emperor Palpatine,DC,Surge: +1 Damage,1,spend_surges,attacker,prompt,TRUE,None,None,None,TRUE,Spend 1 surge: +1 Damage,None,surge ability
Ewok Warrior (Elite),DC,Surge: +1 Damage,1,spend_surges,attacker,prompt,TRUE,None,None,None,TRUE,Spend 1 surge: +1 Damage,None,surge ability
Ewok Warrior (Elite),DC,"Surge: Pierce 1, you become Hidden",1,spend_surges,attacker,prompt,TRUE,None,None,None,TRUE,Spend 1 surge: Pierce 1 and you become Hidden (applies after the attack resolves),condition,surge ability
Ezra Bridger,DC,Surge: Pierce 3,1,spend_surges,attacker,prompt,TRUE,None,None,None,TRUE,Spend 1 surge: Pierce 3,None,surge ability
Ezra Bridger,DC,Surge: Recover 2,1,spend_surges,attacker,prompt,TRUE,None,None,None,TRUE,Spend 1 surge: Recover 2 (applies after the attack resolves),recover,surge ability
Ezra Bridger,DC,Surge: +2 Damage,1,spend_surges,attacker,prompt,TRUE,None,None,None,TRUE,Spend 1 surge: +2 Damage,None,surge ability
Fenn Signis,DC,"Surge: Blast 1, Recover 1",1,spend_surges,attacker,prompt,TRUE,None,None,None,TRUE,Spend 1 surge: Blast 1 and Recover 1 (applies after the attack resolves),damage;recover,surge ability
Fenn Signis,DC,Surge: +2 Accuracy,1,spend_surges,attacker,prompt,TRUE,None,None,None,TRUE,Spend 1 surge: +2 Accuracy,None,surge ability
Fennec Shand,DC,Surge: Pierce 1,1,spend_surges,attacker,prompt,TRUE,None,None,None,TRUE,Spend 1 surge: Pierce 1,None,surge ability
Fennec Shand,DC,Surge: +2 Damage,1,spend_surges,attacker,prompt,TRUE,None,None,None,TRUE,Spend 1 surge: +2 Damage,None,surge ability
Fifth Brother,DC,Surge: +2 Damage,1,spend_surges,attacker,prompt,TRUE,None,None,None,TRUE,Spend 1 surge: +2 Damage,None,surge ability
Fifth Brother,DC,Surge: Pierce 3,1,spend_surges,attacker,prompt,TRUE,None,None,None,TRUE,Spend 1 surge: Pierce 3,None,surge ability
Gaarkhan,DC,Surge: +1 Damage,1,spend_surges,attacker,prompt,TRUE,None,None,None,TRUE,Spend 1 surge: +1 Damage,None,surge ability
Gaarkhan,DC,Surge: Pierce 2,1,spend_surges,attacker,prompt,TRUE,None,None,None,TRUE,Spend 1 surge: Pierce 2,None,surge ability
Gamorrean Guard (Elite),DC,Surge: Cleave 2,1,spend_surges,attacker,prompt,TRUE,None,None,None,TRUE,Spend 1 surge: Cleave 2 (applies after the attack resolves),damage,surge ability
Gar Saxon,DC,Surge: +2 Accuracy,1,spend_surges,attacker,prompt,TRUE,None,None,None,TRUE,Spend 1 surge: +2 Accuracy,None,surge ability
Gar Saxon,DC,Surge: gain 1 Block token,1,spend_surges,attacker,prompt,TRUE,None,None,None,TRUE,Spend 1 surge: gain 1 Block token,None,surge ability
Gar Saxon,DC,Surge: +1 Damage,1,spend_surges,attacker,prompt,TRUE,None,None,None,TRUE,Spend 1 surge: +1 Damage,None,surge ability
Gar Saxon,DC,Mobile,1,always,None,automatic,TRUE,None,None,None,FALSE,Mobile: this figure does not spend extra movement points for difficult terrain and may move through hostile figures,movement,movement keyword
General Sorin,DC,Surge: +1 Damage,1,spend_surges,attacker,prompt,TRUE,None,None,None,TRUE,Spend 1 surge: +1 Damage,None,surge ability
General Sorin,DC,Surge: you become Focused,1,spend_surges,attacker,prompt,TRUE,None,None,None,TRUE,Spend 1 surge: you become Focused (applies after the attack resolves),condition,surge ability
General Sorin,DC,Surge: the target becomes Stunned,1,spend_surges,attacker,prompt,TRUE,None,None,None,TRUE,Spend 1 surge: the target becomes Stunned (applies after the attack resolves),condition,surge ability
General Weiss,DC,Surge: Pierce 2,1,spend_surges,attacker,prompt,TRUE,None,None,None,TRUE,Spend 1 surge: Pierce 2,None,surge ability
General Weiss,DC,Surge (2 surges): Blast 3,1,spend_surges,attacker,prompt,TRUE,None,None,costs 2 surges,TRUE,Spend 2 surges: Blast 3 (applies after the attack resolves),damage,double surge ability
General Weiss,DC,Massive,1,always,None,automatic,TRUE,None,None,None,FALSE,"Massive: this figure moves through other figures and may end its movement on them, pushing them aside",movement,movement keyword
Gideon Argus,DC,Surge: you become Focused,1,spend_surges,attacker,prompt,TRUE,None,None,None,TRUE,Spend 1 surge: you become Focused (applies after the attack resolves),condition,surge ability
Gideon Argus,DC,Surge: +2 Damage,1,spend_surges,attacker,prompt,TRUE,None,None,None,TRUE,Spend 1 surge: +2 Damage,None,surge ability
Greedo,DC,Surge: the target becomes Bleeding,1,spend_surges,attacker,prompt,TRUE,None,None,None,TRUE,Spend 1 surge: the target becomes Bleeding (applies after the attack resolves),condition,surge ability
Greedo,DC,Surge: +2 Damage,1,spend_surges,attacker,prompt,TRUE,None,None,None,TRUE,Spend 1 surge: +2 Damage,None,surge ability
Greedo,DC,Surge: +3 Accuracy,1,spend_surges,attacker,prompt,TRUE,None,None,None,TRUE,Spend 1 surge: +3 Accuracy,None,surge ability
Han Solo,DC,"Surge: +2 Accuracy, +1 Damage",1,spend_surges,attacker,prompt,TRUE,None,None,None,TRUE,Spend 1 surge: +2 Accuracy and +1 Damage,None,surge ability
Han Solo,DC,Surge: +2 Damage,1,spend_surges,attacker,prompt,TRUE,None,None,None,TRUE,Spend 1 surge: +2 Damage,None,surge ability
Heavy Stormtrooper (Elite),DC,Surge: +2 Damage,1,spend_surges,attacker,prompt,TRUE,None,None,None,TRUE,Spend 1 surge: +2 Damage,None,surge ability
Heavy Stormtrooper (Elite),DC,Surge: Blast 2,1,spend_surges,attacker,prompt,TRUE,None,None,None,TRUE,Spend 1 surge: Blast 2 (applies after the attack resolves),damage,surge ability
Heavy Stormtrooper (Regular),DC,Surge: +1 Damage,1,spend_surges,attacker,prompt,TRUE,None,None,None,TRUE,Spend 1 surge: +1 Damage,None,surge ability
Heavy Stormtrooper (Regular),DC,Surge: Blast 1,1,spend_surges,attacker,prompt,TRUE,None,None,None,TRUE,Spend 1 surge: Blast 1 (applies after the attack resolves),damage,surge ability
Hera Syndulla,DC,Surge: +1 Damage,1,spend_surges,attacker,prompt,TRUE,None,None,None,TRUE,Spend 1 surge: +1 Damage,None,surge ability
Hera Syndulla,DC,Surge (2 surges): Pierce 2,1,spend_surges,attacker,prompt,TRUE,None,None,costs 2 surges,TRUE,Spend 2 surges: Pierce 2,None,double surge ability
Hired Gun (Elite),DC,Surge: +1 Damage,1,spend_surges,attacker,prompt,TRUE,None,None,None,TRUE,Spend 1 surge: +1 Damage,None,surge ability
Hired Gun (Regular),DC,Surge: +1 Damage,1,spend_surges,attacker,prompt,TRUE,None,None,None,TRUE,Spend 1 surge: +1 Damage,None,surge ability
Hired Gun (Regular),DC,Surge: Pierce 1,1,spend_surges,attacker,prompt,TRUE,None,None,None,TRUE,Spend 1 surge: Pierce 1,None,surge ability
Hired Gun (Regular),DC,Surge: +1 Accuracy,1,spend_surges,attacker,prompt,TRUE,None,None,None,TRUE,Spend 1 surge: +1 Accuracy,None,surge ability
HK Assassin Droid (Elite),DC,Surge: +1 Damage,1,spend_surges,attacker,prompt,TRUE,None,None,None,TRUE,Spend 1 surge: +1 Damage,None,surge ability
HK Assassin Droid (Elite),DC,Surge: Pierce 1,1,spend_surges,attacker,prompt,TRUE,None,None,None,TRUE,Spend 1 surge: Pierce 1,None,surge ability
HK Assassin Droid (Elite),DC,"Surge: +2 Accuracy, the target becomes Weakened",1,spend_surges,attacker,prompt,TRUE,None,None,None,TRUE,Spend 1 surge: +2 Accuracy and the target becomes Weakened (applies after the attack resolves),condition,surge ability
HK-47,DC,Surge: +2 Accuracy,1,spend_surges,attacker,prompt,TRUE,None,None,None,TRUE,Spend 1 surge: +2 Accuracy,None,surge ability
HK-47,DC,Surge: +2 Damage,1,spend_surges,attacker,prompt,TRUE,None,None,None,TRUE,Spend 1 surge: +2 Damage,None,surge ability
Hondo Ohnaka,DC,Surge: +1 Damage,1,spend_surges,attacker,prompt,TRUE,None,None,None,TRUE,Spend 1 surge: +1 Damage,None,surge ability
Hondo Ohnaka,DC,Surge: +2 Accuracy,1,spend_surges,attacker,prompt,TRUE,None,None,None,TRUE,Spend 1 surge: +2 Accuracy,None,surge ability
Iden Versio,DC,"Surge: +2 Accuracy, +1 Damage",1,spend_surges,attacker,prompt,TRUE,None,None,None,TRUE,Spend 1 surge: +2 Accuracy and +1 Damage,None,surge ability
Iden Versio,DC,Surge: Pierce 1,1,spend_surges,attacker,prompt,TRUE,None,None,None,TRUE,Spend 1 surge: Pierce 1,None,surge ability
IG-11,DC,Surge: Pierce 1,1,spend_surges,attacker,prompt,TRUE,None,None,None,TRUE,Spend 1 surge: Pierce 1,None,surge ability
IG-11,DC,Surge: +2 Accuracy,1,spend_surges,attacker,prompt,TRUE,None,None,None,TRUE,Spend 1 surge: +2 Accuracy,None,surge ability
IG-11,DC,Surge: +2 Damage,1,spend_surges,attacker,prompt,TRUE,None,None,None,TRUE,Spend 1 surge: +2 Damage,None,surge ability
IG-88,DC,Surge: Recover 3,1,spend_surges,attacker,prompt,TRUE,None,None,None,TRUE,Spend 1 surge: Recover 3 (applies after the attack resolves),recover,surge ability
IG-88,DC,Surge: +2 Damage,1,spend_surges,attacker,prompt,TRUE,None,None,None,TRUE,Spend 1 surge: +2 Damage,None,surge ability
Imperial Officer (Elite),DC,Surge: you become Focused,1,spend_surges,attacker,prompt,TRUE,None,None,None,TRUE,Spend 1 surge: you become Focused (applies after the attack resolves),condition,surge ability
Imperial Officer (Elite),DC,Surge: +2 Damage,1,spend_surges,attacker,prompt,TRUE,None,None,None,TRUE,Spend 1 surge: +2 Damage,None,surge ability
Imperial Officer (Elite),DC,Surge: the target becomes Stunned,1,spend_surges,attacker,prompt,TRUE,None,None,None,TRUE,Spend 1 surge: the target becomes Stunned (applies after the attack resolves),condition,surge ability
Imperial Officer (Elite),DC,Surge: +2 Accuracy,1,spend_surges,attacker,prompt,TRUE,None,None,None,TRUE,Spend 1 surge: +2 Accuracy,None,surge ability
Imperial Officer (Regular),DC,Surge: you become Focused,1,spend_surges,attacker,prompt,TRUE,None,None,None,TRUE,Spend 1 surge: you become Focused (applies after the attack resolves),condition,surge ability
Imperial Officer (Regular),DC,Surge: +1 Surge,1,spend_surges,attacker,prompt,TRUE,None,None,None,TRUE,Spend 1 surge: +1 Surge,None,surge ability
Imperial Officer (Regular),DC,Surge: +2 Accuracy,1,spend_surges,attacker,prompt,TRUE,None,None,None,TRUE,Spend 1 surge: +2 Accuracy,None,surge ability
ISB Infiltrator (Elite),DC,Surge: +2 Damage,1,spend_surges,attacker,prompt,TRUE,None,None,None,TRUE,Spend 1 surge: +2 Damage,None,surge ability
ISB Infiltrator (Elite),DC,Surge: +1 Damage,1,spend_surges,attacker,prompt,TRUE,None,None,None,TRUE,Spend 1 surge: +1 Damage,None,surge ability
ISB Infiltrator (Elite),DC,"Surge: Pierce 1, +2 Accuracy",1,spend_surges,attacker,prompt,TRUE,None,None,None,TRUE,Spend 1 surge: Pierce 1 and +2 Accuracy,None,surge ability
ISB Infiltrator (Regular),DC,Surge: you become Hidden,1,spend_surges,attacker,prompt,TRUE,None,None,None,TRUE,Spend 1 surge: you become Hidden (applies after the attack resolves),condition,surge ability
ISB Infiltrator (Regular),DC,Surge: +2 Accuracy,1,spend_surges,attacker,prompt,TRUE,None,None,None,TRUE,Spend 1 surge: +2 Accuracy,None,surge ability
ISB Infiltrator (Regular),DC,Surge: +1 Damage,1,spend_surges,attacker,prompt,TRUE,None,None,None,TRUE,Spend 1 surge: +1 Damage,None,surge ability
J4X-7,Companion DC,Surge: +1 Damage,1,spend_surges,attacker,prompt,TRUE,None,None,None,TRUE,Spend 1 surge: +1 Damage,None,surge ability
Jarrod Kelvin,DC,Surge: +2 Damage,1,spend_surges,attacker,prompt,TRUE,None,None,None,TRUE,Spend 1 surge: +2 Damage,None,surge ability
Jarrod Kelvin,DC,Surge: Pierce 2,1,spend_surges,attacker,prompt,TRUE,None,None,None,TRUE,Spend 1 surge: Pierce 2,None,surge ability
Jarrod Kelvin,DC,Surge: gain 1 Power token,1,spend_surges,attacker,prompt,TRUE,None,None,None,TRUE,Spend 1 surge: gain 1 Power token,gain_pt,surge ability
Jawa Scavenger (Elite),DC,Surge: +2 Damage,1,spend_surges,attacker,prompt,TRUE,None,None,None,TRUE,Spend 1 surge: +2 Damage,None,surge ability
Jawa Scavenger (Elite),DC,Surge: +2 Accuracy,1,spend_surges,attacker,prompt,TRUE,None,None,None,TRUE,Spend 1 surge: +2 Accuracy,None,surge ability
Jawa Scavenger (Elite),DC,Surge: Pierce 2,1,spend_surges,attacker,prompt,TRUE,None,None,None,TRUE,Spend 1 surge: Pierce 2,None,surge ability
Jawa Scavenger (Regular),DC,Surge: +2 Damage,1,spend_surges,attacker,prompt,TRUE,None,None,None,TRUE,Spend 1 surge: +2 Damage,None,surge ability
Jawa Scavenger (Regular),DC,Surge: +2 Accuracy,1,spend_surges,attacker,prompt,TRUE,None,None,None,TRUE,Spend 1 surge: +2 Accuracy,None,surge ability
Jet Trooper (Elite),DC,Surge: +3 Accuracy,1,spend_surges,attacker,prompt,TRUE,None,None,None,TRUE,Spend 1 surge: +3 Accuracy,None,surge ability
Jet Trooper (Elite),DC,Surge: +2 Damage,1,spend_surges,attacker,prompt,TRUE,None,None,None,TRUE,Spend 1 surge: +2 Damage,None,surge ability
Jet Trooper (Elite),DC,Mobile,1,always,None,automatic,TRUE,None,None,None,FALSE,Mobile: this figure does not spend extra movement points for difficult terrain and may move through hostile figures,movement,movement keyword
Jet Trooper (Regular),DC,Surge: +1 Damage,1,spend_surges,attacker,prompt,TRUE,None,None,None,TRUE,Spend 1 surge: +1 Damage,None,surge ability
Jet Trooper (Regular),DC,Surge: +3 Accuracy,1,spend_surges,attacker,prompt,TRUE,None,None,None,TRUE,Spend 1 surge: +3 Accuracy,None,surge ability
Jet Trooper (Regular),DC,Mobile,1,always,None,automatic,TRUE,None,None,None,FALSE,Mobile: this figure does not spend extra movement points for difficult terrain and may move through hostile figures,movement,movement keyword
Jyn Erso,DC,"Surge: +1 Accuracy, +1 Damage",1,spend_surges,attacker,prompt,TRUE,None,None,None,TRUE,Spend 1 surge: +1 Accuracy and +1 Damage,None,surge ability
Jyn Erso,DC,Surge: +1 Damage,1,spend_surges,attacker,prompt,TRUE,None,None,None,TRUE,Spend 1 surge: +1 Damage,None,surge ability
Jyn Odan,DC,"Surge: the target becomes Stunned, Pierce 1",1,spend_surges,attacker,prompt,TRUE,None,None,None,TRUE,Spend 1 surge: the target becomes Stunned and Pierce 1 (applies after the attack resolves),condition,surge ability
Jyn Odan,DC,"Surge: +2 Accuracy, +2 Damage",1,spend_surges,attacker,prompt,TRUE,None,None,None,TRUE,Spend 1 surge: +2 Accuracy and +2 Damage,None,surge ability
K-2S0,DC,Surge: +2 Damage,1,spend_surges,attacker,prompt,TRUE,None,None,None,TRUE,Spend 1 surge: +2 Damage,None,surge ability
K-2S0,DC,"Surge: +1 Accuracy, Pierce 1",1,spend_surges,attacker,prompt,TRUE,None,None,None,TRUE,Spend 1 surge: +1 Accuracy and Pierce 1,None,surge ability
Kanan Jarrus,DC,Surge: +2 Damage,1,spend_surges,attacker,prompt,TRUE,None,None,None,TRUE,Spend 1 surge: +2 Damage,None,surge ability
Kanan Jarrus,DC,Surge: Pierce 3,1,spend_surges,attacker,prompt,TRUE,None,None,None,TRUE,Spend 1 surge: Pierce 3,None,surge ability
Kayn Somos,DC,Surge: +1 Damage,1,spend_surges,attacker,prompt,TRUE,None,None,None,TRUE,Spend 1 surge: +1 Damage,None,surge ability
Kayn Somos,DC,Surge: Pierce 1,1,spend_surges,attacker,prompt,TRUE,None,None,None,TRUE,Spend 1 surge: Pierce 1,None,surge ability
Ko-Tun Feralo,DC,Surge: +2 Damage,1,spend_surges,attacker,prompt,TRUE,None,None,None,TRUE,Spend 1 surge: +2 Damage,None,surge ability
Ko-Tun Feralo,DC,Surge: +3 Accuracy,1,spend_surges,attacker,prompt,TRUE,None,None,None,TRUE,Spend 1 surge: +3 Accuracy,None,surge ability
Krrsantan,DC,"Surge: +2 Accuracy, Pierce 1",1,spend_surges,attacker,prompt,TRUE,None,None,None,TRUE,Spend 1 surge: +2 Accuracy and Pierce 1,None,surge ability
Krrsantan,DC,Surge: +1 Damage,1,spend_surges,attacker,prompt,TRUE,None,None,None,TRUE,Spend 1 surge: +1 Damage,None,surge ability
Kuiil,DC,Surge: +2 Accuracy,1,spend_surges,attacker,prompt,TRUE,None,None,None,TRUE,Spend 1 surge: +2 Accuracy,None,surge ability
Kuiil,DC,Surge: +2 Damage,1,spend_surges,attacker,prompt,TRUE,None,None,None,TRUE,Spend 1 surge: +2 Damage,None,surge ability
Kuiil,DC,Surge: the target becomes Stunned,1,spend_surges,attacker,prompt,TRUE,None,None,None,TRUE,Spend 1 surge: the target becomes Stunned (applies after the attack resolves),condition,surge ability
Kuiil,DC,Efficient Travel,1,always,None,automatic,TRUE,None,None,None,FALSE,"Efficient Travel: while moving, you ignore additional movement-point costs for hostile figures and difficult terrain",movement,movement keyword
KX-Series Security Droid (Elite),DC,Surge: +1 Damage,1,spend_surges,attacker,prompt,TRUE,None,None,None,TRUE,Spend 1 surge: +1 Damage,None,surge ability
KX-Series Security Droid (Elite),DC,Surge: the target becomes Weakened,1,spend_surges,attacker,prompt,TRUE,None,None,None,TRUE,Spend 1 surge: the target becomes Weakened (applies after the attack resolves),condition,surge ability
Lando Calrissian,DC,Surge: +2 Accuracy,1,spend_surges,attacker,prompt,TRUE,None,None,None,TRUE,Spend 1 surge: +2 Accuracy,None,surge ability
Lando Calrissian,DC,Surge: +2 Damage,1,spend_surges,attacker,prompt,TRUE,None,None,None,TRUE,Spend 1 surge: +2 Damage,None,surge ability
Lando Calrissian,DC,"Surge: Pierce 1, you become Hidden",1,spend_surges,attacker,prompt,TRUE,None,None,None,TRUE,Spend 1 surge: Pierce 1 and you become Hidden (applies after the attack resolves),condition,surge ability
Leia Organa,DC,Surge: +2 Damage,1,spend_surges,attacker,prompt,TRUE,None,None,None,TRUE,Spend 1 surge: +2 Damage,None,surge ability
Leia Organa,DC,Surge: +3 Accuracy,1,spend_surges,attacker,prompt,TRUE,None,None,None,TRUE,Spend 1 surge: +3 Accuracy,None,surge ability
Leia Organa,DC,Surge: Recover 2,1,spend_surges,attacker,prompt,TRUE,None,None,None,TRUE,Spend 1 surge: Recover 2 (applies after the attack resolves),recover,surge ability
Loku Kanoloa,DC,Surge: +2 Damage,1,spend_surges,attacker,prompt,TRUE,None,None,None,TRUE,Spend 1 surge: +2 Damage,None,surge ability
Loth-cat (Elite),DC,Surge: +2 Damage,1,spend_surges,attacker,prompt,TRUE,None,None,None,TRUE,Spend 1 surge: +2 Damage,None,surge ability
Loth-cat (Regular),DC,Surge: +1 Damage,1,spend_surges,attacker,prompt,TRUE,None,None,None,TRUE,Spend 1 surge: +1 Damage,None,surge ability
Luke Skywalker,DC,Surge: +2 Damage,1,spend_surges,attacker,prompt,TRUE,None,None,None,TRUE,Spend 1 surge: +2 Damage,None,surge ability
Luke Skywalker,DC,Surge: Recover 2,1,spend_surges,attacker,prompt,TRUE,None,None,None,TRUE,Spend 1 surge: Recover 2 (applies after the attack resolves),recover,surge ability
Luke Skywalker,DC,Surge: +2 Accuracy,1,spend_surges,attacker,prompt,TRUE,None,None,None,TRUE,Spend 1 surge: +2 Accuracy,None,surge ability
Luke Skywalker (Jedi Knight),DC,Surge: +1 Damage,1,spend_surges,attacker,prompt,TRUE,None,None,None,TRUE,Spend 1 surge: +1 Damage,None,surge ability
Luke Skywalker (Jedi Knight),DC,Surge: Pierce 3,1,spend_surges,attacker,prompt,TRUE,None,None,None,TRUE,Spend 1 surge: Pierce 3,None,surge ability
Mak Eshka'rey,DC,Surge: Pierce 2,1,spend_surges,attacker,prompt,TRUE,None,None,None,TRUE,Spend 1 surge: Pierce 2,None,surge ability
Mara Jade,DC,Surge: +2 Damage,1,spend_surges,attacker,prompt,TRUE,None,None,None,TRUE,Spend 1 surge: +2 Damage,None,surge ability
Mara Jade,DC,Surge: Pierce 3,1,spend_surges,attacker,prompt,TRUE,None,None,None,TRUE,Spend 1 surge: Pierce 3,None,surge ability
Maul,DC,Surge: Pierce 3,1,spend_surges,attacker,prompt,TRUE,None,None,None,TRUE,Spend 1 surge: Pierce 3,None,surge ability
MHD-19,DC,Surge: +1 Damage,1,spend_surges,attacker,prompt,TRUE,None,None,None,TRUE,Spend 1 surge: +1 Damage,None,surge ability
MHD-19,DC,Surge: Recover 2,1,spend_surges,attacker,prompt,TRUE,None,None,None,TRUE,Spend 1 surge: Recover 2 (applies after the attack resolves),recover,surge ability
MHD-19,DC,Surge: you become Focused,1,spend_surges,attacker,prompt,TRUE,None,None,None,TRUE,Spend 1 surge: you become Focused (applies after the attack resolves),condition,surge ability
Migs Mayfeld,DC,Surge: +2 Damage,1,spend_surges,attacker,prompt,TRUE,None,None,None,TRUE,Spend 1 surge: +2 Damage,None,surge ability
Migs Mayfeld,DC,"Surge: +1 Accuracy, +1 Damage",1,spend_surges,attacker,prompt,TRUE,None,None,None,TRUE,Spend 1 surge: +1 Accuracy and +1 Damage,None,surge ability
Moff Gideon,DC,Surge: +1 Damage,1,spend_surges,attacker,prompt,TRUE,None,None,None,TRUE,Spend 1 surge: +1 Damage,None,surge ability
Moff Gideon,DC,Surge: Pierce 3,1,spend_surges,attacker,prompt,TRUE,None,None,None,TRUE,Spend 1 surge: Pierce 3,None,surge ability
Murne Rin,DC,Surge: +2 Damage,1,spend_surges,attacker,prompt,TRUE,None,None,None,TRUE,Spend 1 surge: +2 Damage,None,surge ability
Murne Rin,DC,Surge: +2 Accuracy,1,spend_surges,attacker,prompt,TRUE,None,None,None,TRUE,Spend 1 surge: +2 Accuracy,None,surge ability
Murne Rin,DC,Surge: you become Hidden,1,spend_surges,attacker,prompt,TRUE,None,None,None,TRUE,Spend 1 surge: you become Hidden (applies after the attack resolves),condition,surge ability
Nexu (Elite),DC,Surge: +2 Damage,1,spend_surges,attacker,prompt,TRUE,None,None,None,TRUE,Spend 1 surge: +2 Damage,None,surge ability
Nexu (Elite),DC,Mobile,1,always,None,automatic,TRUE,None,None,None,FALSE,Mobile: this figure does not spend extra movement points for difficult terrain and may move through hostile figures,movement,movement keyword
Nexu (Regular),DC,Surge: Pierce 2,1,spend_surges,attacker,prompt,TRUE,None,None,None,TRUE,Spend 1 surge: Pierce 2,None,surge ability
Nexu (Regular),DC,Surge: Cleave 1,1,spend_surges,attacker,prompt,TRUE,None,None,None,TRUE,Spend 1 surge: Cleave 1 (applies after the attack resolves),damage,surge ability
Nexu (Regular),DC,Mobile,1,always,None,automatic,TRUE,None,None,None,FALSE,Mobile: this figure does not spend extra movement points for difficult terrain and may move through hostile figures,movement,movement keyword
Obi-Wan Kenobi,DC,Surge: +2 Damage,1,spend_surges,attacker,prompt,TRUE,None,None,None,TRUE,Spend 1 surge: +2 Damage,None,surge ability
Obi-Wan Kenobi,DC,Surge: Pierce 3,1,spend_surges,attacker,prompt,TRUE,None,None,None,TRUE,Spend 1 surge: Pierce 3,None,surge ability
Onar Koma,DC,"Surge: +2 Damage, -2 Accuracy",1,spend_surges,attacker,prompt,TRUE,None,None,None,TRUE,Spend 1 surge: +2 Damage and -2 Accuracy,None,surge ability
Onar Koma,DC,"Surge: +1 Damage, -1 Accuracy",1,spend_surges,attacker,prompt,TRUE,None,None,None,TRUE,Spend 1 surge: +1 Damage and -1 Accuracy,None,surge ability
Probe Droid (Elite),DC,Surge: +2 Damage,1,spend_surges,attacker,prompt,TRUE,None,None,None,TRUE,Spend 1 surge: +2 Damage,None,surge ability
Probe Droid (Elite),DC,Surge: Recover 2,1,spend_surges,attacker,prompt,TRUE,None,None,None,TRUE,Spend 1 surge: Recover 2 (applies after the attack resolves),recover,surge ability
Probe Droid (Elite),DC,Surge: Pierce 2,1,spend_surges,attacker,prompt,TRUE,None,None,None,TRUE,Spend 1 surge: Pierce 2,None,surge ability
Probe Droid (Elite),DC,Mobile,1,always,None,automatic,TRUE,None,None,None,FALSE,Mobile: this figure does not spend extra movement points for difficult terrain and may move through hostile figures,movement,movement keyword
Probe Droid (Regular),DC,Surge: +1 Damage,1,spend_surges,attacker,prompt,TRUE,None,None,None,TRUE,Spend 1 surge: +1 Damage,None,surge ability
Probe Droid (Regular),DC,Surge: Recover 1,1,spend_surges,attacker,prompt,TRUE,None,None,None,TRUE,Spend 1 surge: Recover 1 (applies after the attack resolves),recover,surge ability
Probe Droid (Regular),DC,Surge: Pierce 1,1,spend_surges,attacker,prompt,TRUE,None,None,None,TRUE,Spend 1 surge: Pierce 1,None,surge ability
Probe Droid (Regular),DC,Mobile,1,always,None,automatic,TRUE,None,None,None,FALSE,Mobile: this figure does not spend extra movement points for difficult terrain and may move through hostile figures,movement,movement keyword
Purge Commander (Elite),DC,Surge: +1 Damage,1,spend_surges,attacker,prompt,TRUE,None,None,None,TRUE,Spend 1 surge: +1 Damage,None,surge ability
Purge Commander (Elite),DC,Surge: Pierce 2,1,spend_surges,attacker,prompt,TRUE,None,None,None,TRUE,Spend 1 surge: Pierce 2,None,surge ability
R2-D2,DC,Surge: Pierce 2,1,spend_surges,attacker,prompt,TRUE,None,None,None,TRUE,Spend 1 surge: Pierce 2,None,surge ability
R2-D2,DC,Surge: the target becomes Stunned,1,spend_surges,attacker,prompt,TRUE,None,None,None,TRUE,Spend 1 surge: the target becomes Stunned (applies after the attack resolves),condition,surge ability
R2-D2,DC,Surge: the target becomes Weakened,1,spend_surges,attacker,prompt,TRUE,None,None,None,TRUE,Spend 1 surge: the target becomes Weakened (applies after the attack resolves),condition,surge ability
Rancor,DC,Surge: +2 Damage,1,spend_surges,attacker,prompt,TRUE,None,None,None,TRUE,Spend 1 surge: +2 Damage,None,surge ability
Rancor,DC,Surge: Cleave 3,1,spend_surges,attacker,prompt,TRUE,None,None,None,TRUE,Spend 1 surge: Cleave 3 (applies after the attack resolves),damage,surge ability
Rancor,DC,Massive,1,always,None,automatic,TRUE,None,None,None,FALSE,"Massive: this figure moves through other figures and may end its movement on them, pushing them aside",movement,movement keyword
Rebel Pathfinder (Elite),DC,Surge: +3 Accuracy,1,spend_surges,attacker,prompt,TRUE,None,None,None,TRUE,Spend 1 surge: +3 Accuracy,None,surge ability
Rebel Pathfinder (Elite),DC,Surge: +2 Damage,1,spend_surges,attacker,prompt,TRUE,None,None,None,TRUE,Spend 1 surge: +2 Damage,None,surge ability
Rebel Saboteur (Elite),DC,Surge: the target becomes Stunned,1,spend_surges,attacker,prompt,TRUE,None,None,None,TRUE,Spend 1 surge: the target becomes Stunned (applies after the attack resolves),condition,surge ability
Rebel Saboteur (Elite),DC,Surge: Pierce 2,1,spend_surges,attacker,prompt,TRUE,None,None,None,TRUE,Spend 1 surge: Pierce 2,None,surge ability
Rebel Saboteur (Elite),DC,Surge: Blast 2,1,spend_surges,attacker,prompt,TRUE,None,None,None,TRUE,Spend 1 surge: Blast 2 (applies after the attack resolves),damage,surge ability
Rebel Saboteur (Regular),DC,Surge: Blast 1,1,spend_surges,attacker,prompt,TRUE,None,None,None,TRUE,Spend 1 surge: Blast 1 (applies after the attack resolves),damage,surge ability
Rebel Saboteur (Regular),DC,Surge: Pierce 1,1,spend_surges,attacker,prompt,TRUE,None,None,None,TRUE,Spend 1 surge: Pierce 1,None,surge ability
Rebel Saboteur (Regular),DC,Surge: the target becomes Stunned,1,spend_surges,attacker,prompt,TRUE,None,None,None,TRUE,Spend 1 surge: the target becomes Stunned (applies after the attack resolves),condition,surge ability
Rebel Trooper (Elite),DC,"Surge: +1 Damage, Pierce 1",1,spend_surges,attacker,prompt,TRUE,None,None,None,TRUE,Spend 1 surge: +1 Damage and Pierce 1,None,surge ability [CHANGED 2026-06-21 IACP update — does not match printed text]
Rebel Trooper (Elite),DC,Surge: +3 Accuracy,1,spend_surges,attacker,prompt,TRUE,None,None,None,TRUE,Spend 1 surge: +3 Accuracy,None,surge ability [CHANGED 2026-06-21 IACP update — does not match printed text]
Rebel Trooper (Regular),DC,Surge: Pierce 1,1,spend_surges,attacker,prompt,TRUE,None,None,None,TRUE,Spend 1 surge: Pierce 1,None,surge ability
Rebel Trooper (Regular),DC,Surge: +1 Accuracy,1,spend_surges,attacker,prompt,TRUE,None,None,None,TRUE,Spend 1 surge: +1 Accuracy,None,surge ability
Riot Trooper (Elite),DC,Surge: +1 Damage,1,spend_surges,attacker,prompt,TRUE,None,None,None,TRUE,Spend 1 surge: +1 Damage,None,surge ability
Riot Trooper (Elite),DC,Surge: +2 Damage,1,spend_surges,attacker,prompt,TRUE,None,None,None,TRUE,Spend 1 surge: +2 Damage,None,surge ability
Riot Trooper (Regular),DC,Surge: +1 Damage,1,spend_surges,attacker,prompt,TRUE,None,None,None,TRUE,Spend 1 surge: +1 Damage,None,surge ability
Royal Guard (Elite),DC,"Surge: the target becomes Stunned, gain 1 Evade token",1,spend_surges,attacker,prompt,TRUE,None,None,None,TRUE,Spend 1 surge: the target becomes Stunned and gain 1 Evade token (applies after the attack resolves),condition,surge ability
Royal Guard (Elite),DC,Surge: +2 Damage,1,spend_surges,attacker,prompt,TRUE,None,None,None,TRUE,Spend 1 surge: +2 Damage,None,surge ability
Royal Guard (Regular),DC,Surge: the target becomes Stunned,1,spend_surges,attacker,prompt,TRUE,None,None,None,TRUE,Spend 1 surge: the target becomes Stunned (applies after the attack resolves),condition,surge ability
Royal Guard (Regular),DC,Surge: Pierce 1,1,spend_surges,attacker,prompt,TRUE,None,None,None,TRUE,Spend 1 surge: Pierce 1,None,surge ability
Royal Guard Champion,DC,Surge: +2 Damage,1,spend_surges,attacker,prompt,TRUE,None,None,None,TRUE,Spend 1 surge: +2 Damage,None,surge ability
Royal Guard Champion,DC,Surge: the target becomes Bleeding,1,spend_surges,attacker,prompt,TRUE,None,None,None,TRUE,Spend 1 surge: the target becomes Bleeding (applies after the attack resolves),condition,surge ability
Royal Guard Champion,DC,Surge: Pierce 2,1,spend_surges,attacker,prompt,TRUE,None,None,None,TRUE,Spend 1 surge: Pierce 2,None,surge ability
Sabine Wren,DC,Surge: Pierce 2,1,spend_surges,attacker,prompt,TRUE,None,None,None,TRUE,Spend 1 surge: Pierce 2,None,surge ability
Sabine Wren,DC,"Surge: +1 Damage, Blast 1",1,spend_surges,attacker,prompt,TRUE,None,None,None,TRUE,Spend 1 surge: +1 Damage and Blast 1 (applies after the attack resolves),damage,surge ability
Sabine Wren,DC,Mobile,1,always,None,automatic,TRUE,None,None,None,FALSE,Mobile: this figure does not spend extra movement points for difficult terrain and may move through hostile figures,movement,movement keyword
Saska Teft,DC,"Surge: +1 Damage, Pierce 1",1,spend_surges,attacker,prompt,TRUE,None,None,None,TRUE,Spend 1 surge: +1 Damage and Pierce 1,None,surge ability
Saska Teft,DC,"Surge: +2 Damage, +1 Accuracy",1,spend_surges,attacker,prompt,TRUE,None,None,None,TRUE,Spend 1 surge: +2 Damage and +1 Accuracy,None,surge ability
Saska Teft,DC,"Surge: the target becomes Weakened, the target becomes Stunned",1,spend_surges,attacker,prompt,TRUE,None,None,None,TRUE,Spend 1 surge: the target becomes Weakened and the target becomes Stunned (applies after the attack resolves),condition,surge ability
Saw Gerrerra,DC,Surge: +2 Damage,1,spend_surges,attacker,prompt,TRUE,None,None,None,TRUE,Spend 1 surge: +2 Damage,None,surge ability
Saw Gerrerra,DC,Surge: you become Hidden,1,spend_surges,attacker,prompt,TRUE,None,None,None,TRUE,Spend 1 surge: you become Hidden (applies after the attack resolves),condition,surge ability
SC2-M Repulsor Tank,DC,Surge: +2 Damage,1,spend_surges,attacker,prompt,TRUE,None,None,None,TRUE,Spend 1 surge: +2 Damage,None,surge ability
SC2-M Repulsor Tank,DC,Surge: Blast 1,1,spend_surges,attacker,prompt,TRUE,None,None,None,TRUE,Spend 1 surge: Blast 1 (applies after the attack resolves),damage,surge ability
SC2-M Repulsor Tank,DC,Massive,1,always,None,automatic,TRUE,None,None,None,FALSE,"Massive: this figure moves through other figures and may end its movement on them, pushing them aside",movement,movement keyword
Scout Trooper (Elite),DC,Surge: +3 Accuracy,1,spend_surges,attacker,prompt,TRUE,None,None,None,TRUE,Spend 1 surge: +3 Accuracy,None,surge ability
Scout Trooper (Elite),DC,Surge: +2 Damage,1,spend_surges,attacker,prompt,TRUE,None,None,None,TRUE,Spend 1 surge: +2 Damage,None,surge ability
Scout Trooper (Elite),DC,"Surge: Pierce 1, the target becomes Weakened",1,spend_surges,attacker,prompt,TRUE,None,None,None,TRUE,Spend 1 surge: Pierce 1 and the target becomes Weakened (applies after the attack resolves),condition,surge ability
Second Sister,DC,Surge: Pierce 3,1,spend_surges,attacker,prompt,TRUE,None,None,None,TRUE,Spend 1 surge: Pierce 3,None,surge ability
Second Sister,DC,Surge: +2 Damage,1,spend_surges,attacker,prompt,TRUE,None,None,None,TRUE,Spend 1 surge: +2 Damage,None,surge ability
Sentry Droid (Elite),DC,Surge: +1 Damage,1,spend_surges,attacker,prompt,TRUE,None,None,None,TRUE,Spend 1 surge: +1 Damage,None,surge ability
Sentry Droid (Elite),DC,Surge: Pierce 2,1,spend_surges,attacker,prompt,TRUE,None,None,None,TRUE,Spend 1 surge: Pierce 2,None,surge ability
Sentry Droid (Elite),DC,Surge: +2 Accuracy,1,spend_surges,attacker,prompt,TRUE,None,None,None,TRUE,Spend 1 surge: +2 Accuracy,None,surge ability
Sentry Droid (Regular),DC,Surge: +1 Damage,1,spend_surges,attacker,prompt,TRUE,None,None,None,TRUE,Spend 1 surge: +1 Damage,None,surge ability
Sentry Droid (Regular),DC,Surge: Pierce 2,1,spend_surges,attacker,prompt,TRUE,None,None,None,TRUE,Spend 1 surge: Pierce 2,None,surge ability
Sentry Droid (Regular),DC,Surge: +1 Accuracy,1,spend_surges,attacker,prompt,TRUE,None,None,None,TRUE,Spend 1 surge: +1 Accuracy,None,surge ability
Shoretrooper (Elite),DC,Surge: +2 Accuracy,1,spend_surges,attacker,prompt,TRUE,None,None,None,TRUE,Spend 1 surge: +2 Accuracy,None,surge ability
Shoretrooper (Elite),DC,Surge: +2 Damage,1,spend_surges,attacker,prompt,TRUE,None,None,None,TRUE,Spend 1 surge: +2 Damage,None,surge ability
Shoretrooper (Elite),DC,Efficient Travel,1,always,None,automatic,TRUE,None,None,None,FALSE,"Efficient Travel: while moving, you ignore additional movement-point costs for hostile figures and difficult terrain",movement,movement keyword
Shyla Varad,DC,Surge: +2 Damage,1,spend_surges,attacker,prompt,TRUE,None,None,None,TRUE,Spend 1 surge: +2 Damage,None,surge ability
Shyla Varad,DC,Surge: Pierce 2,1,spend_surges,attacker,prompt,TRUE,None,None,None,TRUE,Spend 1 surge: Pierce 2,None,surge ability
Shyla Varad,DC,Surge: Cleave 2,1,spend_surges,attacker,prompt,TRUE,None,None,None,TRUE,Spend 1 surge: Cleave 2 (applies after the attack resolves),damage,surge ability
Snowtrooper (Elite),DC,"Surge: +2 Accuracy, +1 Damage",1,spend_surges,attacker,prompt,TRUE,None,None,None,TRUE,Spend 1 surge: +2 Accuracy and +1 Damage,None,surge ability
Snowtrooper (Elite),DC,"Surge: +1 Damage, the target becomes Weakened",1,spend_surges,attacker,prompt,TRUE,None,None,None,TRUE,Spend 1 surge: +1 Damage and the target becomes Weakened (applies after the attack resolves),condition,surge ability
Snowtrooper (Elite),DC,Surge: you become Focused,1,spend_surges,attacker,prompt,TRUE,None,None,None,TRUE,Spend 1 surge: you become Focused (applies after the attack resolves),condition,surge ability
Snowtrooper (Elite),DC,Efficient Travel,1,always,None,automatic,TRUE,None,None,None,FALSE,"Efficient Travel: while moving, you ignore additional movement-point costs for hostile figures and difficult terrain",movement,movement keyword
Snowtrooper (Regular),DC,Surge: the target becomes Weakened,1,spend_surges,attacker,prompt,TRUE,None,None,None,TRUE,Spend 1 surge: the target becomes Weakened (applies after the attack resolves),condition,surge ability
Snowtrooper (Regular),DC,Surge: +2 Accuracy,1,spend_surges,attacker,prompt,TRUE,None,None,None,TRUE,Spend 1 surge: +2 Accuracy,None,surge ability
Snowtrooper (Regular),DC,Surge: Pierce 1,1,spend_surges,attacker,prompt,TRUE,None,None,None,TRUE,Spend 1 surge: Pierce 1,None,surge ability
Stormtrooper (Elite),DC,Surge: +3 Accuracy,1,spend_surges,attacker,prompt,TRUE,None,None,None,TRUE,Spend 1 surge: +3 Accuracy,None,surge ability
Stormtrooper (Elite),DC,Surge: +2 Damage,1,spend_surges,attacker,prompt,TRUE,None,None,None,TRUE,Spend 1 surge: +2 Damage,None,surge ability
Stormtrooper (Regular),DC,Surge: +1 Damage,1,spend_surges,attacker,prompt,TRUE,None,None,None,TRUE,Spend 1 surge: +1 Damage,None,surge ability
Stormtrooper (Regular),DC,Surge: +2 Accuracy,1,spend_surges,attacker,prompt,TRUE,None,None,None,TRUE,Spend 1 surge: +2 Accuracy,None,surge ability
Super Commando (Elite),DC,Surge: +3 Accuracy,1,spend_surges,attacker,prompt,TRUE,None,None,None,TRUE,Spend 1 surge: +3 Accuracy,None,surge ability
Super Commando (Elite),DC,Surge: +2 Damage,1,spend_surges,attacker,prompt,TRUE,None,None,None,TRUE,Spend 1 surge: +2 Damage,None,surge ability
Super Commando (Elite),DC,Mobile,1,always,None,automatic,TRUE,None,None,None,FALSE,Mobile: this figure does not spend extra movement points for difficult terrain and may move through hostile figures,movement,movement keyword
Tauntaun Rider,DC,Surge: +2 Damage,1,spend_surges,attacker,prompt,TRUE,None,None,None,TRUE,Spend 1 surge: +2 Damage,None,surge ability
Tauntaun Rider,DC,"Surge: +3 Accuracy, +1 Damage",1,spend_surges,attacker,prompt,TRUE,None,None,None,TRUE,Spend 1 surge: +3 Accuracy and +1 Damage,None,surge ability
Tauntaun Rider,DC,Efficient Travel,1,always,None,automatic,TRUE,None,None,None,FALSE,"Efficient Travel: while moving, you ignore additional movement-point costs for hostile figures and difficult terrain",movement,movement keyword
Taron Malicos,DC,Surge: Pierce 3,1,spend_surges,attacker,prompt,TRUE,None,None,None,TRUE,Spend 1 surge: Pierce 3,None,surge ability
Taron Malicos,DC,Surge: +2 Damage,1,spend_surges,attacker,prompt,TRUE,None,None,None,TRUE,Spend 1 surge: +2 Damage,None,surge ability
Taron Malicos,DC,Surge: the target becomes Bleeding,1,spend_surges,attacker,prompt,TRUE,None,None,None,TRUE,Spend 1 surge: the target becomes Bleeding (applies after the attack resolves),condition,surge ability
The Armorer,DC,"Surge: +1 Damage, Pierce 1",1,spend_surges,attacker,prompt,TRUE,None,None,None,TRUE,Spend 1 surge: +1 Damage and Pierce 1,None,surge ability
The Armorer,DC,Surge: Cleave 2,1,spend_surges,attacker,prompt,TRUE,None,None,None,TRUE,Spend 1 surge: Cleave 2 (applies after the attack resolves),damage,surge ability
The Armorer,DC,Surge: gain 1 Block token,1,spend_surges,attacker,prompt,TRUE,None,None,None,TRUE,Spend 1 surge: gain 1 Block token,None,surge ability
The Armorer,DC,Mobile,1,always,None,automatic,TRUE,None,None,None,FALSE,Mobile: this figure does not spend extra movement points for difficult terrain and may move through hostile figures,movement,movement keyword
The Grand Inquisitor,DC,Surge: Pierce 3,1,spend_surges,attacker,prompt,TRUE,None,None,None,TRUE,Spend 1 surge: Pierce 3,None,surge ability
The Grand Inquisitor,DC,Surge: +2 Damage,1,spend_surges,attacker,prompt,TRUE,None,None,None,TRUE,Spend 1 surge: +2 Damage,None,surge ability
The Mandalorian,DC,Surge: +2 Damage,1,spend_surges,attacker,prompt,TRUE,None,None,None,TRUE,Spend 1 surge: +2 Damage,None,surge ability
The Mandalorian,DC,Surge: gain 1 Block token,1,spend_surges,attacker,prompt,TRUE,None,None,None,TRUE,Spend 1 surge: gain 1 Block token,None,surge ability
The Mandalorian,DC,"Surge: +2 Accuracy, Pierce 1",1,spend_surges,attacker,prompt,TRUE,None,None,None,TRUE,Spend 1 surge: +2 Accuracy and Pierce 1,None,surge ability
Thrawn,DC,Surge: Pierce 1,1,spend_surges,attacker,prompt,TRUE,None,None,None,TRUE,Spend 1 surge: Pierce 1,None,surge ability
Thrawn,DC,Surge (2 surges): +3 Damage,1,spend_surges,attacker,prompt,TRUE,None,None,costs 2 surges,TRUE,Spend 2 surges: +3 Damage,None,double surge ability
Trandoshan Hunter (Elite),DC,Surge: you become Focused,1,spend_surges,attacker,prompt,TRUE,None,None,None,TRUE,Spend 1 surge: you become Focused (applies after the attack resolves),condition,surge ability
Trandoshan Hunter (Elite),DC,Surge: Pierce 2,1,spend_surges,attacker,prompt,TRUE,None,None,None,TRUE,Spend 1 surge: Pierce 2,None,surge ability
Trandoshan Hunter (Elite),DC,"Surge: +1 Damage, the target becomes Bleeding",1,spend_surges,attacker,prompt,TRUE,None,None,None,TRUE,Spend 1 surge: +1 Damage and the target becomes Bleeding (applies after the attack resolves),condition,surge ability
Trandoshan Hunter (Regular),DC,Surge: the target becomes Bleeding,1,spend_surges,attacker,prompt,TRUE,None,None,None,TRUE,Spend 1 surge: the target becomes Bleeding (applies after the attack resolves),condition,surge ability
Trandoshan Hunter (Regular),DC,Surge: Pierce 2,1,spend_surges,attacker,prompt,TRUE,None,None,None,TRUE,Spend 1 surge: Pierce 2,None,surge ability
Tress Hacnua,DC,"Surge: +1 Damage, the target becomes Weakened",1,spend_surges,attacker,prompt,TRUE,None,None,None,TRUE,Spend 1 surge: +1 Damage and the target becomes Weakened (applies after the attack resolves),condition,surge ability
Tress Hacnua,DC,Surge: Cleave X,1,spend_surges,attacker,prompt,TRUE,None,None,None,TRUE,Spend 1 surge: Cleave X (applies after the attack resolves),damage,surge ability
Tress Hacnua,DC,Surge: Recover X,1,spend_surges,attacker,prompt,TRUE,None,None,None,TRUE,Spend 1 surge: Recover X (applies after the attack resolves),recover,surge ability
Tress Hacnua,DC,"Surge: +1 Damage, the target becomes Stunned",1,spend_surges,attacker,prompt,TRUE,None,None,None,TRUE,Spend 1 surge: +1 Damage and the target becomes Stunned (applies after the attack resolves),condition,surge ability
Tusken Raider (Elite),DC,Surge: Pierce 1,1,spend_surges,attacker,prompt,TRUE,None,None,None,TRUE,Spend 1 surge: Pierce 1,None,surge ability
Tusken Raider (Elite),DC,Surge: the target becomes Weakened,1,spend_surges,attacker,prompt,TRUE,None,None,None,TRUE,Spend 1 surge: the target becomes Weakened (applies after the attack resolves),condition,surge ability
Tusken Raider (Regular),DC,Surge: the target becomes Weakened,1,spend_surges,attacker,prompt,TRUE,None,None,None,TRUE,Spend 1 surge: the target becomes Weakened (applies after the attack resolves),condition,surge ability
Tusken Raider (Regular),DC,Surge: Cleave 1,1,spend_surges,attacker,prompt,TRUE,None,None,None,TRUE,Spend 1 surge: Cleave 1 (applies after the attack resolves),damage,surge ability
Ugnaught Tinkerer (Elite),DC,Surge: the target becomes Bleeding,1,spend_surges,attacker,prompt,TRUE,None,None,None,TRUE,Spend 1 surge: the target becomes Bleeding (applies after the attack resolves),condition,surge ability
Ugnaught Tinkerer (Elite),DC,Surge: Pierce 2,1,spend_surges,attacker,prompt,TRUE,None,None,None,TRUE,Spend 1 surge: Pierce 2,None,surge ability
Ugnaught Tinkerer (Regular),DC,Surge: the target becomes Bleeding,1,spend_surges,attacker,prompt,TRUE,None,None,None,TRUE,Spend 1 surge: the target becomes Bleeding (applies after the attack resolves),condition,surge ability
Ugnaught Tinkerer (Regular),DC,Surge: Pierce 1,1,spend_surges,attacker,prompt,TRUE,None,None,None,TRUE,Spend 1 surge: Pierce 1,None,surge ability
Verena Talos,DC,Surge: +2 Damage,1,spend_surges,attacker,prompt,TRUE,None,None,None,TRUE,Spend 1 surge: +2 Damage,None,surge ability
Verena Talos,DC,Surge: Pierce 1,1,spend_surges,attacker,prompt,TRUE,None,None,None,TRUE,Spend 1 surge: Pierce 1,None,surge ability
Vinto Hreeda,DC,"Surge: +1 Damage, the target becomes Weakened",1,spend_surges,attacker,prompt,TRUE,None,None,None,TRUE,Spend 1 surge: +1 Damage and the target becomes Weakened (applies after the attack resolves),condition,surge ability
Vinto Hreeda,DC,"Surge: Pierce 2, the target becomes Bleeding",1,spend_surges,attacker,prompt,TRUE,None,None,None,TRUE,Spend 1 surge: Pierce 2 and the target becomes Bleeding (applies after the attack resolves),condition,surge ability
Vinto Hreeda,DC,"Surge: +2 Accuracy, you become Hidden",1,spend_surges,attacker,prompt,TRUE,None,None,None,TRUE,Spend 1 surge: +2 Accuracy and you become Hidden (applies after the attack resolves),condition,surge ability
Wampa (Elite),DC,Surge: Cleave 3,1,spend_surges,attacker,prompt,TRUE,None,None,None,TRUE,Spend 1 surge: Cleave 3 (applies after the attack resolves),damage,surge ability
Wampa (Elite),DC,"Surge: the target becomes Weakened, the target becomes Stunned",1,spend_surges,attacker,prompt,TRUE,None,None,None,TRUE,Spend 1 surge: the target becomes Weakened and the target becomes Stunned (applies after the attack resolves),condition,surge ability
Wampa (Regular),DC,Surge: the target becomes Stunned,1,spend_surges,attacker,prompt,TRUE,None,None,None,TRUE,Spend 1 surge: the target becomes Stunned (applies after the attack resolves),condition,surge ability
Wampa (Regular),DC,Surge: Cleave 2,1,spend_surges,attacker,prompt,TRUE,None,None,None,TRUE,Spend 1 surge: Cleave 2 (applies after the attack resolves),damage,surge ability
Weequay Pirate (Elite),DC,Surge: +2 Damage,1,spend_surges,attacker,prompt,TRUE,None,None,None,TRUE,Spend 1 surge: +2 Damage,None,surge ability
Weequay Pirate (Elite),DC,Surge: Pierce 1,1,spend_surges,attacker,prompt,TRUE,None,None,None,TRUE,Spend 1 surge: Pierce 1,None,surge ability
Weequay Pirate (Elite),DC,Surge: +2 Accuracy,1,spend_surges,attacker,prompt,TRUE,None,None,None,TRUE,Spend 1 surge: +2 Accuracy,None,surge ability
Weequay Pirate (Regular),DC,Surge: +1 Damage,1,spend_surges,attacker,prompt,TRUE,None,None,None,TRUE,Spend 1 surge: +1 Damage,None,surge ability
Weequay Pirate (Regular),DC,Surge: +1 Accuracy,1,spend_surges,attacker,prompt,TRUE,None,None,None,TRUE,Spend 1 surge: +1 Accuracy,None,surge ability
Wing Guard (Elite),DC,Surge: +3 Accuracy,1,spend_surges,attacker,prompt,TRUE,None,None,None,TRUE,Spend 1 surge: +3 Accuracy,None,surge ability
Wing Guard (Elite),DC,Surge: +2 Damage,1,spend_surges,attacker,prompt,TRUE,None,None,None,TRUE,Spend 1 surge: +2 Damage,None,surge ability
Wing Guard (Regular),DC,Surge: +1 Damage,1,spend_surges,attacker,prompt,TRUE,None,None,None,TRUE,Spend 1 surge: +1 Damage,None,surge ability
Wing Guard (Regular),DC,Surge: Recover 1,1,spend_surges,attacker,prompt,TRUE,None,None,None,TRUE,Spend 1 surge: Recover 1 (applies after the attack resolves),recover,surge ability
Wookiee Warrior (Elite),DC,Surge: +2 Damage,1,spend_surges,attacker,prompt,TRUE,None,None,None,TRUE,Spend 1 surge: +2 Damage,None,surge ability
Wookiee Warrior (Elite),DC,Surge: the target becomes Bleeding,1,spend_surges,attacker,prompt,TRUE,None,None,None,TRUE,Spend 1 surge: the target becomes Bleeding (applies after the attack resolves),condition,surge ability
Wookiee Warrior (Elite),DC,Surge: Cleave 2,1,spend_surges,attacker,prompt,TRUE,None,None,None,TRUE,Spend 1 surge: Cleave 2 (applies after the attack resolves),damage,surge ability
Wookiee Warrior (Regular),DC,Surge: +1 Damage,1,spend_surges,attacker,prompt,TRUE,None,None,None,TRUE,Spend 1 surge: +1 Damage,None,surge ability
Wookiee Warrior (Regular),DC,Surge: the target becomes Bleeding,1,spend_surges,attacker,prompt,TRUE,None,None,None,TRUE,Spend 1 surge: the target becomes Bleeding (applies after the attack resolves),condition,surge ability
Wookiee Warrior (Regular),DC,Surge: Cleave 2,1,spend_surges,attacker,prompt,TRUE,None,None,None,TRUE,Spend 1 surge: Cleave 2 (applies after the attack resolves),damage,surge ability
Zeb Orrelios,DC,Surge: +2 Damage,1,spend_surges,attacker,prompt,TRUE,None,None,None,TRUE,Spend 1 surge: +2 Damage,None,surge ability
Zeb Orrelios,DC,"Surge: +2 Accuracy, Recover 1",1,spend_surges,attacker,prompt,TRUE,None,None,None,TRUE,Spend 1 surge: +2 Accuracy and Recover 1 (applies after the attack resolves),recover,surge ability
Zuckuss,DC,Surge: +3 Accuracy,1,spend_surges,attacker,prompt,TRUE,None,None,None,TRUE,Spend 1 surge: +3 Accuracy,None,surge ability
Zuckuss,DC,Surge: +2 Damage,1,spend_surges,attacker,prompt,TRUE,None,None,None,TRUE,Spend 1 surge: +2 Damage,None,surge ability
Zuckuss,DC,Surge: Pierce 2,1,spend_surges,attacker,prompt,TRUE,None,None,None,TRUE,Spend 1 surge: Pierce 2,None,surge ability
Paz Vizsla,DC,Surge: gain 1 Block token,1,spend_surges,attacker,prompt,TRUE,None,None,None,TRUE,Spend 1 surge: gain 1 Block token,None,surge ability
Paz Vizsla,DC,Surge: +1 Accuracy,1,spend_surges,attacker,prompt,TRUE,None,None,None,TRUE,Spend 1 surge: +1 Accuracy,None,surge ability
